Siap,Nome
30573,Adelino Pataro
14604,Adriane Segadilha
58530,Ailton França
51881,Alana Hugo
31786,Alexsandro Antonio
53062,Alfredo Lazera
16262,Alvaro Sousa
84786,Ana Gil
51988,Andreia Henriques
93596,Andressa Rente
91278,Andreza Arouca
18241,Anna Tarragó
18663,Aparecida Soriano
96126,Arnôr Araripe
32390,Athos Gonzalez
27989,Átila Garcez
81268,Brenno Liporace
28530,Caio Belchot
35992,Camila Corpas
59657,Camilla Akio
25910,Cassandra Kirk
48289,Cassio Allevato
63041,Catarina Wajnberg
17220,Cesar Miehrig
28019,Chrislaine Arineli
26674,Cleo Gabrielen
62782,Daniel Lanssoni
46185,Danielle Eliza
23077,Dayna Dória
62938,Dykson Caffaro
88416,Edgard Luis
89248,Elaine Rochlin
96392,Elizeu Junqueira
30401,Elvis Magno
13469,Eric Pastore
25574,Erick Bozi
11691,Fabiane Melloni
41123,Fabiano Talbot
94055,Fabio Tozatto
83497,Fabricio Paula
44845,Fellipe Troccoli
70945,Flávio Curi
31470,Frederico Scofield
70457,Gabryela Netto
23460,Guido Bailly
72055,Hanielle Otavio
51568,Hannah Rachel
63295,Ighor Jung
45226,Igor Augusta
15977,Iris Lacê
62232,Isis Gaglianone
56628,Jackson Ramalho
97968,Jade Sodre
15894,Jeane Milane
77936,Jessica Cecilia
36985,Jeter Vicente
42128,Joāo Antunes
13544,Jonathas Nascimento
80845,Júlia Quercetti
95596,Juliana Chamoun
32067,Júlio Moura
82604,Julliana Turnes
31211,Kaio Bassani
73325,Karen Zobaran
26010,Karina Motta
77410,Kassia Burd
45924,Katharina Varela
27057,Laiza Pedrazza
65718,Layssa Glioche
53163,Leticia Negreiros
72977,Livia Riff
38081,Liz Mainente
56056,Lorena Pozzetti
71337,Loreni Silotti
41362,Luana Patricia
89461,Luís Quelha
91486,Luísa Leal
31924,Luiz Graham
60419,Luiza Angelo
91230,Luíza Padilha
61244,Luize Greenman
22347,Marcelle Accardo
10052,Marcello Mathias
49333,Marcia Pessanha
37430,Marco Barra
61414,Marisol Miura
63355,Matheus Marcelo
46693,Mônica Pinheiro
10607,Murillo Filiphe
85507,Myllena Van
36194,Nathália Benévolo
32516,Neilton Franca
45601,Norbertho Simone
93362,Ohana Coelli
94081,Pâmella Rafael
39000,Platini Malher
76161,Poline Dobbs
45264,Raíssa Veronese
85264,Ramon Fialho
22995,Reila Yumi
80896,Renato Heloisa
32231,Rhuan Guimãraes
40382,Rodolfo Kalaf
13818,Samantha Quiza
74476,Sandy Rust
60884,Sebastião Perim
23277,Silvana Jose
57470,Silvio Lago
67465,Stephane Palladino
40068,Suellen Sequerra
94557,Tainah Oneto
81735,Talissa Octavio
15363,Tayla Torquato
66026,Taynná Clemente
39416,Thaís Mofati
16342,Thaisa Kubrusly
52424,Thaiz Peron
53939,Thales Brum
13811,Thamara Rosolia
17233,Thayza Serpa
98664,Thuany Nemitz
24989,Valéria Chein
88651,Victoria Elehep
94271,Vito Strauss
99087,Vitor Homem
99749,Vitória Lencastre
69870,Vittorio Crespo
77253,Vívian Galera
52611,Viviane Esquenazi
30675,Vladimir Novellino
53433,Wagner Castello
85976,Walter Neiva
84447,Wen Leite
38734,Yago Strino
88164,Yasmin Bartholo
26272,Zilma Barbolo
69734,Adelino Pataro
61808,Adriane Segadilha
96083,Adriano Taylor
55442,Ailton França
48134,Alana Hugo
15410,Aledio Marculino
19433,Alexsandro Antonio
27300,Alfredo Lazera
38795,Alvaro Sousa
49441,Ana Gil
65953,Andreia Henriques
29189,Andressa Rente
52568,Andreza Arouca
18279,Anna Tarragó
19109,Aparecida Soriano
60719,Arnôr Araripe
93728,Athos Gonzalez
25296,Átila Garcez
87986,Brenda Martinusso
66779,Brenno Liporace
66550,Caio Belchot
47065,Camila Corpas
12320,Camilla Akio
45367,Cassandra Kirk
33055,Cassio Allevato
56980,Catarina Wajnberg
71761,Cesar Miehrig
14213,Chrislaine Arineli
47000,Cleo Gabrielen
62786,Daniel Lanssoni
94875,Danielle Eliza
68795,Davi Quemento
45754,Dayna Dória
57603,Dykson Caffaro
42623,Elizeu Junqueira
68395,Elvis Magno
56082,Eric Pastore
89433,Erick Bozi
83075,Eriko Arslanian
66099,Fabiane Melloni
72071,Fabiano Talbot
29847,Fabio Tozatto
69016,Fabricio Paula
63313,Fellipe Troccoli
93432,Flávio Curi
48567,Frederico Scofield
57706,Gabriel Gervazoni
19248,Gabryela Netto
10227,Gil Benfeitas
67028,Guido Bailly
22599,Hanielle Otavio
91117,Hannah Rachel
65726,Ighor Jung
10600,Igor Augusta
80060,Iris Lacê
61316,Isaac Jean
32520,Isabelle Moésia
86179,Isis Gaglianone
60264,Jackson Ramalho
53737,Jade Sodre
68304,Jeane Milane
39067,Jessica Cecilia
70349,Jeter Vicente
72543,Joāo Antunes
26785,Jonathas Nascimento
10702,Júlia Quercetti
39647,Juliana Chamoun
83233,Júlio Moura
96086,Julliana Turnes
86666,Kaio Bassani
51339,Karen Zobaran
87626,Kassia Burd
81691,Katarine Graça
62622,Katharina Varela
62239,Khaio Meslin
11512,Laiza Pedrazza
33498,Layssa Glioche
64366,Livia Riff
82588,Liz Mainente
66160,Lorena Pozzetti
86860,Loreni Silotti
36993,Luana Patricia
40698,Luís Quelha
52596,Luísa Leal
75644,Luiz Graham
47363,Luiza Angelo
43105,Luíza Padilha
30647,Luize Greenman
51267,Marcelle Accardo
53475,Marcello Mathias
79457,Marcia Pessanha
23097,Marco Barra
45441,Marisol Miura
64171,Mateus Corte
72814,Matheus Marcelo
68982,Mônica Pinheiro
65920,Murillo Filiphe
82644,Myllena Van
60243,Nathália Benévolo
29068,Neilton Franca
53949,Nicolas Velez
17655,Norbertho Simone
75646,Ohana Coelli
80828,Pâmella Rafael
29274,Poline Dobbs
67059,Raíssa Veronese
86594,Ramon Fialho
79885,Raphael Boiteux
23624,Reila Yumi
39268,Renato Heloisa
39634,Rhuan Guimãraes
69799,Rodolfo Kalaf
86372,Rosana Jalles
49628,Samantha Quiza
43984,Sandy Rust
72332,Sebastião Perim
26716,Silvio Lago
70309,Simone Titonelli
71846,Stela Lerner
95868,Stephane Palladino
55187,Suellen Sequerra
14319,Tainah Oneto
64658,Talissa Octavio
80555,Talline Terumi
83538,Tayla Torquato
96465,Taynná Clemente
58518,Thaís Mofati
14899,Thaisa Kubrusly
96128,Thaiz Peron
66740,Thales Brum
18771,Thamara Rosolia
10039,Thuany Nemitz
67840,Valéria Chein
54448,Victoria Elehep
53231,Vito Strauss
54742,Vitória Lencastre
43209,Vittorio Crespo
74650,Vívian Galera
45945,Viviane Esquenazi
36281,Vladimir Novellino
29011,Wagner Castello
72002,Walter Neiva
88489,Yago Strino
59773,Yasmin Bartholo
57836,Zilma Barbolo
70910,Adelino Pataro
23832,Adriano Taylor
31319,Ailton França
93326,Alana Hugo
15073,Aledio Marculino
18548,Alexsandro Antonio
28327,Alfredo Lazera
68705,Alvaro Sousa
43947,Ana Gil
32791,Andreia Henriques
73784,Andressa Rente
28981,Anna Tarragó
38439,Aparecida Soriano
23845,Arnôr Araripe
89911,Athos Gonzalez
73776,Átila Garcez
13240,Brenda Martinusso
28290,Brenno Liporace
20636,Caio Belchot
22130,Camila Corpas
78571,Camilla Akio
89886,Cassandra Kirk
71628,Cassio Allevato
72807,Catarina Wajnberg
49885,Cesar Miehrig
15107,Daniel Lanssoni
11247,Danielle Eliza
93660,Dayna Dória
30031,Dykson Caffaro
35930,Edgard Luis
85711,Elaine Rochlin
41420,Elizeu Junqueira
14775,Elvis Magno
59970,Eric Pastore
17000,Erick Bozi
18917,Eriko Arslanian
29192,Fabiane Melloni
71339,Fabiano Talbot
82604,Fabio Tozatto
20179,Fabricio Paula
69424,Fellipe Troccoli
41702,Flávio Curi
82068,Frederico Scofield
15129,Gabriel Gervazoni
21561,Gabryela Netto
79933,Guido Bailly
26477,Hanielle Otavio
54654,Hannah Rachel
66994,Ighor Jung
50494,Igor Augusta
43525,Iris Lacê
53730,Isaac Jean
61505,Isabelle Moésia
85202,Isis Gaglianone
32604,Jackson Ramalho
14948,Jessica Cecilia
93540,Jeter Vicente
30402,Joāo Antunes
61476,Jonathas Nascimento
87337,Júlia Quercetti
25664,Juliana Chamoun
51736,Júlio Moura
98527,Julliana Turnes
65667,Kaio Bassani
42032,Karen Zobaran
71665,Karina Motta
72342,Kassia Burd
83578,Katarine Graça
53835,Katharina Varela
80710,Khaio Meslin
73392,Laiza Pedrazza
59800,Layssa Glioche
84184,Leticia Negreiros
81954,Livia Riff
80993,Liz Mainente
40522,Lorena Pozzetti
83627,Loreni Silotti
99794,Luana Patricia
82402,Luís Quelha
22502,Luísa Leal
57625,Luiz Graham
18143,Luiza Angelo
79866,Luíza Padilha
90929,Luize Greenman
17667,Marcelle Accardo
60316,Marcello Mathias
25783,Marcia Pessanha
43235,Marco Barra
38466,Marisol Miura
82716,Mateus Corte
25751,Matheus Marcelo
15038,Mônica Pinheiro
14654,Murillo Filiphe
57058,Myllena Van
34175,Nathália Benévolo
77270,Neilton Franca
71782,Nicolas Velez
41403,Norbertho Simone
57405,Ohana Coelli
24132,Pâmella Rafael
58036,Platini Malher
78506,Poline Dobbs
94879,Raíssa Veronese
89994,Raphael Boiteux
25068,Reila Yumi
81143,Renato Heloisa
79652,Rhuan Guimãraes
19601,Rodolfo Kalaf
48621,Rosana Jalles
17935,Samantha Quiza
55857,Sandy Rust
10033,Sebastião Perim
12189,Silvana Jose
69991,Silvio Lago
22136,Simone Titonelli
44733,Stela Lerner
69887,Stephane Palladino
58155,Suellen Sequerra
66904,Tainah Oneto
59641,Talissa Octavio
57882,Tayla Torquato
43055,Taynná Clemente
33395,Thaís Mofati
78949,Thaisa Kubrusly
47300,Thaiz Peron
35288,Thales Brum
99913,Thayza Serpa
73345,Thuany Nemitz
35331,Valéria Chein
81066,Victoria Elehep
73416,Vito Strauss
46726,Vitor Homem
25417,Vitória Lencastre
99420,Vittorio Crespo
92640,Vívian Galera
38319,Viviane Esquenazi
31872,Vladimir Novellino
20700,Wagner Castello
10337,Walter Neiva
35915,Wen Leite
59063,Yago Strino
62476,Yasmin Bartholo
32877,Zilma Barbolo
62462,Adelino Pataro
60347,Adriane Segadilha
88224,Adriano Taylor
89456,Ailton França
22701,Alana Hugo
87387,Aledio Marculino
66177,Alexsandro Antonio
42469,Alfredo Lazera
68661,Alvaro Sousa
36167,Ana Gil
60601,Andreia Henriques
45218,Andressa Rente
42911,Andreza Arouca
92058,Anna Tarragó
95428,Aparecida Soriano
93061,Arnôr Araripe
76212,Athos Gonzalez
62608,Átila Garcez
70623,Brenda Martinusso
99341,Brenno Liporace
61916,Caio Belchot
53418,Camila Corpas
24988,Camilla Akio
88013,Cassandra Kirk
62871,Cassio Allevato
99380,Catarina Wajnberg
75198,Cesar Miehrig
90736,Chrislaine Arineli
77835,Cleo Gabrielen
50866,Daniel Lanssoni
19767,Danielle Eliza
77379,Davi Quemento
43530,Dayna Dória
92024,Dykson Caffaro
68386,Edgard Luis
25406,Elaine Rochlin
25283,Elizeu Junqueira
66259,Elvis Magno
51618,Eric Pastore
35378,Erick Bozi
33965,Eriko Arslanian
42150,Fabiane Melloni
83272,Fabiano Talbot
46965,Fabio Tozatto
59382,Fabricio Paula
61634,Fellipe Troccoli
17958,Flávio Curi
92260,Frederico Scofield
40662,Gabriel Gervazoni
61078,Gabryela Netto
39302,Gil Benfeitas
10957,Guido Bailly
22259,Hanielle Otavio
25029,Hannah Rachel
80082,Ighor Jung
64993,Igor Augusta
60179,Iris Lacê
21912,Isaac Jean
54162,Isabelle Moésia
38634,Isis Gaglianone
66772,Jackson Ramalho
60685,Jade Sodre
51510,Jeane Milane
33670,Jessica Cecilia
94026,Jeter Vicente
67581,Joāo Antunes
61811,Jonathas Nascimento
28352,Júlia Quercetti
24662,Juliana Chamoun
82444,Júlio Moura
19235,Julliana Turnes
43062,Kaio Bassani
27542,Karen Zobaran
14898,Karina Motta
30773,Kassia Burd
85258,Katarine Graça
78898,Katharina Varela
41599,Khaio Meslin
83206,Laiza Pedrazza
91232,Layssa Glioche
53740,Leticia Negreiros
37163,Livia Riff
29279,Liz Mainente
72426,Lorena Pozzetti
12396,Loreni Silotti
23013,Luana Patricia
91905,Luís Quelha
59608,Luísa Leal
95607,Luiz Graham
80359,Luiza Angelo
36369,Luíza Padilha
19109,Luize Greenman
87880,Marcelle Accardo
15778,Marcello Mathias
94378,Marcia Pessanha
71453,Marco Barra
32817,Marisol Miura
80478,Mateus Corte
50560,Matheus Marcelo
84269,Mônica Pinheiro
66086,Murillo Filiphe
87212,Myllena Van
91553,Nathália Benévolo
78122,Neilton Franca
41356,Nicolas Velez
12013,Norbertho Simone
80158,Pâmella Rafael
56052,Platini Malher
92040,Poline Dobbs
91483,Raíssa Veronese
32218,Ramon Fialho
15042,Raphael Boiteux
17018,Reila Yumi
80153,Renato Heloisa
71854,Rhuan Guimãraes
10363,Rodolfo Kalaf
91641,Rosana Jalles
46638,Samantha Quiza
31487,Sandy Rust
91811,Sebastião Perim
46257,Silvana Jose
41728,Silvio Lago
36663,Simone Titonelli
84225,Stela Lerner
13280,Stephane Palladino
86350,Tainah Oneto
92131,Talissa Octavio
83342,Talline Terumi
40373,Tayla Torquato
82441,Taynná Clemente
24846,Thaís Mofati
42059,Thaiz Peron
31710,Thales Brum
85137,Thamara Rosolia
71604,Thayza Serpa
21457,Thuany Nemitz
91496,Valéria Chein
30419,Vito Strauss
73885,Vitória Lencastre
55574,Vittorio Crespo
33893,Vívian Galera
68382,Viviane Esquenazi
30126,Vladimir Novellino
28854,Wagner Castello
71366,Walter Neiva
98625,Wen Leite
96138,Yago Strino
90414,Yasmin Bartholo
69072,Zilma Barbolo
20907,Adelino Pataro
37676,Adriane Segadilha
29860,Adriano Taylor
76366,Ailton França
71183,Alana Hugo
55254,Aledio Marculino
85236,Alexsandro Antonio
47766,Alfredo Lazera
70415,Alvaro Sousa
70241,Ana Gil
94869,Andreia Henriques
14787,Andressa Rente
81128,Anna Tarragó
82970,Aparecida Soriano
71377,Arnôr Araripe
56930,Athos Gonzalez
64579,Átila Garcez
18174,Brenda Martinusso
37904,Brenno Liporace
74823,Caio Belchot
29652,Camilla Akio
30370,Cassandra Kirk
33777,Catarina Wajnberg
71013,Cesar Miehrig
13065,Chrislaine Arineli
32017,Cleo Gabrielen
59195,Daniel Lanssoni
54236,Danielle Eliza
29360,Davi Quemento
40230,Dayna Dória
56324,Dykson Caffaro
21118,Edgard Luis
98280,Elaine Rochlin
13632,Elizeu Junqueira
17204,Elvis Magno
55206,Eric Pastore
46582,Erick Bozi
59530,Eriko Arslanian
57279,Fabiane Melloni
37017,Fabiano Talbot
61146,Fabio Tozatto
53003,Fabricio Paula
66994,Fellipe Troccoli
30308,Flávio Curi
90293,Frederico Scofield
13751,Gabriel Gervazoni
62950,Gabryela Netto
69226,Gil Benfeitas
40661,Guido Bailly
33548,Hanielle Otavio
24372,Hannah Rachel
98122,Ighor Jung
67656,Igor Augusta
47047,Iris Lacê
10281,Isaac Jean
10884,Isabelle Moésia
18571,Isis Gaglianone
71303,Jackson Ramalho
57711,Jade Sodre
59429,Jeane Milane
68755,Jessica Cecilia
74901,Jeter Vicente
71510,Júlia Quercetti
21642,Juliana Chamoun
82911,Júlio Moura
55825,Julliana Turnes
21870,Kaio Bassani
77490,Karen Zobaran
65525,Karina Motta
78359,Kassia Burd
86571,Katarine Graça
58315,Katharina Varela
56725,Khaio Meslin
93163,Laiza Pedrazza
81115,Layssa Glioche
98362,Leticia Negreiros
12456,Livia Riff
71457,Liz Mainente
41405,Lorena Pozzetti
69497,Loreni Silotti
30746,Luana Patricia
73753,Luís Quelha
70475,Luísa Leal
19755,Luiz Graham
99069,Luiza Angelo
45923,Luíza Padilha
42827,Luize Greenman
83887,Marcelle Accardo
31317,Marcello Mathias
30591,Marcia Pessanha
17429,Marco Barra
29376,Marisol Miura
26741,Mateus Corte
39775,Matheus Marcelo
63134,Mônica Pinheiro
74536,Murillo Filiphe
47369,Myllena Van
95526,Nathália Benévolo
38343,Neilton Franca
16264,Norbertho Simone
74888,Ohana Coelli
48902,Pâmella Rafael
20110,Platini Malher
43755,Poline Dobbs
42705,Raíssa Veronese
54029,Ramon Fialho
96577,Raphael Boiteux
41077,Reila Yumi
84065,Renato Heloisa
63239,Rhuan Guimãraes
60584,Rosana Jalles
75897,Sandy Rust
52418,Sebastião Perim
51302,Silvana Jose
41669,Silvio Lago
93807,Simone Titonelli
66016,Stela Lerner
81636,Stephane Palladino
38217,Suellen Sequerra
37759,Tainah Oneto
34702,Talissa Octavio
65049,Talline Terumi
11516,Tayla Torquato
89909,Taynná Clemente
53201,Thaís Mofati
72012,Thaisa Kubrusly
78677,Thaiz Peron
68805,Thales Brum
71873,Thamara Rosolia
12800,Thayza Serpa
41956,Thuany Nemitz
88316,Valéria Chein
62866,Victoria Elehep
45912,Vito Strauss
97869,Vitor Homem
55957,Vitória Lencastre
96856,Vittorio Crespo
44098,Vívian Galera
90683,Viviane Esquenazi
17311,Vladimir Novellino
83166,Walter Neiva
79061,Wen Leite
31371,Yago Strino
90178,Yasmin Bartholo
53960,Zilma Barbolo
50437,Adelino Pataro
84884,Adriane Segadilha
16740,Adriano Taylor
11399,Ailton França
42010,Alana Hugo
35767,Aledio Marculino
54558,Alexsandro Antonio
75206,Alfredo Lazera
58278,Alvaro Sousa
74538,Ana Gil
97542,Andreia Henriques
36884,Andressa Rente
87487,Andreza Arouca
35007,Anna Tarragó
26153,Aparecida Soriano
96014,Arnôr Araripe
43004,Athos Gonzalez
55773,Átila Garcez
92070,Brenda Martinusso
93518,Brenno Liporace
83548,Caio Belchot
77491,Camila Corpas
46282,Camilla Akio
66520,Cassio Allevato
64168,Catarina Wajnberg
41205,Cesar Miehrig
81174,Chrislaine Arineli
89565,Cleo Gabrielen
74130,Daniel Lanssoni
22013,Danielle Eliza
86522,Davi Quemento
47331,Dayna Dória
24878,Dykson Caffaro
76661,Elaine Rochlin
66540,Elizeu Junqueira
34692,Elvis Magno
91111,Eric Pastore
63252,Erick Bozi
70124,Eriko Arslanian
40998,Fabiane Melloni
90680,Fabiano Talbot
16222,Fabio Tozatto
19241,Fabricio Paula
16820,Fellipe Troccoli
94473,Flávio Curi
29955,Frederico Scofield
11077,Gabriel Gervazoni
62989,Gabryela Netto
35779,Guido Bailly
59971,Hanielle Otavio
17987,Hannah Rachel
93803,Ighor Jung
29675,Igor Augusta
91494,Iris Lacê
85541,Isaac Jean
78467,Isabelle Moésia
36961,Isis Gaglianone
21389,Jackson Ramalho
33058,Jade Sodre
97495,Jeane Milane
13831,Jessica Cecilia
40943,Jeter Vicente
22883,Joāo Antunes
83648,Jonathas Nascimento
58060,Juliana Chamoun
83787,Julliana Turnes
14372,Kaio Bassani
90226,Karen Zobaran
54808,Karina Motta
15353,Kassia Burd
16044,Katarine Graça
93038,Katharina Varela
30327,Khaio Meslin
67714,Laiza Pedrazza
64701,Leticia Negreiros
76238,Livia Riff
79825,Liz Mainente
46386,Lorena Pozzetti
63449,Loreni Silotti
86328,Luana Patricia
86542,Luís Quelha
13729,Luísa Leal
51471,Luiz Graham
23124,Luiza Angelo
82675,Luíza Padilha
86961,Luize Greenman
77211,Marcelle Accardo
81248,Marcello Mathias
39241,Marcia Pessanha
47469,Marco Barra
13156,Marisol Miura
10786,Mateus Corte
41157,Matheus Marcelo
22100,Mônica Pinheiro
54825,Murillo Filiphe
71160,Myllena Van
15883,Nathália Benévolo
36428,Nicolas Velez
38726,Norbertho Simone
77984,Ohana Coelli
88823,Pâmella Rafael
94606,Platini Malher
84111,Poline Dobbs
38679,Raíssa Veronese
46330,Ramon Fialho
20339,Raphael Boiteux
31124,Rhuan Guimãraes
78983,Rodolfo Kalaf
97657,Rosana Jalles
38769,Samantha Quiza
63606,Sandy Rust
99119,Sebastião Perim
20486,Silvana Jose
79608,Silvio Lago
58262,Simone Titonelli
65366,Stela Lerner
10755,Stephane Palladino
97741,Suellen Sequerra
33145,Tainah Oneto
40047,Talissa Octavio
16436,Talline Terumi
38677,Tayla Torquato
37496,Thaís Mofati
20525,Thaisa Kubrusly
36639,Thaiz Peron
12754,Thales Brum
51856,Thamara Rosolia
65729,Thayza Serpa
31953,Thuany Nemitz
53764,Valéria Chein
42069,Victoria Elehep
46891,Vito Strauss
19295,Vitor Homem
14846,Vitória Lencastre
23294,Vittorio Crespo
77773,Vívian Galera
64711,Viviane Esquenazi
96861,Vladimir Novellino
20491,Wagner Castello
58429,Walter Neiva
20527,Wen Leite
42254,Yago Strino
69940,Yasmin Bartholo
65743,Zilma Barbolo
69068,Adailton Sayuri
60442,Alan Colacino
82342,Alecsander Kohn
33442,Alex Faller
33746,Alexandre Sobral
89143,Alexia Monteiro
11790,Alice Lara
64033,Aline Feliciano
59752,Álvaro Barrocas
69750,Andre Kendra
96458,Andrew Takioche
15227,Anízio Brasileiro
10783,Antonia Gouvêa
23826,Antônio Cuciniello
36271,Antonio Portes
43807,Arnaldo Bueno
25327,Bianca Revelles
72125,Bruno Alberto
69995,Carlos Thaíssa
60606,Cassia Neves
55830,Célio Nobili
27157,César Alvim
79194,Cézar Müller
41274,Christiane Voltes
56768,Cícero Marcelino
45243,Cláudia Fontana
99339,Cláudio Regina
88894,Cynthia El-Jaick
33118,Daiana Menezes
34242,Dalvan Carneiro
48980,Daniela Cucco
36095,Daniele Arias
39005,David Britz
28716,Debora Madureira
56331,Domenik Aline
56329,Douglas Rebouças
17419,Elana Vilas
95138,Elena Consorte
78893,Enrico Liz
16219,Enrique José
75795,Ericka Villar
15941,Fátima Wolguemuth
95803,Flavio Firmo
93496,Gabriella Mesitieri
68994,Geam Veiga
82713,Gisely Paragó
14486,Giuseppe Luara
57919,Gizele Reyna
50759,Gleisy Mizrahy
35626,Hanna Marcello
32879,Heitor Albuquerque
85810,Helena Penteado
87061,Helvio Fróes
78320,Hiago Lutterbach
66009,Higor Bárbara
92340,Hyago Fecha
79945,Iago Lauzana
54906,Ian Carajuru
71036,Ingra Goulart
89563,Isabella Rodine
68417,Itai Constant
88454,Ives Cezar
77989,Jayme Bartolote
42321,Jeferson Benetoli
33772,Jessika Aziz
78457,John Victorio
74392,Jonatas Caetano
28610,Jorge Lavinas
40286,Juann Ziegler
18052,Julie Paixão
20719,Julyana Totti
45810,Karline Gustavo
18692,Karoline Luís
30528,Kimberly Luna
90200,Laís Villela
19197,Leandro Guillermo
39014,Leila Doria
38607,Letícia Lovato
10877,Luã Feitosa
54636,Luan Barrionuevo
41439,Lucas Uenington
19299,Luciana Primo
80019,Luisa Nager
83000,Lyandra Anunciação
78706,Maciela Felipi
71758,Marcele Gabrielle
80998,Marcelo Letícia
99936,Marianne Vannier
71203,Marília Sarria
75489,Marjorie Vargas
80556,Mayara Katz
10897,Micaele Salomão
76403,Michel Duarte
11510,Millena Lobato
30042,Mirian Correa
18037,Murilo Ban
27589,Mylla Heluy
99614,Nathalia Ébani
57627,Nathan Lempee
72520,Nayne Buarque
82907,Nickole Loyola
80766,Nicole Mollica
69763,Nuno Boaventura
63060,Olívia Ellen
54705,Paola Lourenço
54827,Patricia Liberbaum
89248,Patrick Leme
49118,Paula Kalume
20851,Priscila Alice
20320,Rachel Iure
34118,Raíza Nathan
75054,Raquel Kelly
24244,Rebeca Rijo
14732,Rebecca Mac
96297,Renata Baumeier
29780,Rhanna Ognibene
44121,Rodney Fioretti
60982,Rodrigo Beneton
71444,Rômulo Sanches
24943,Samir Rennó
22889,Samuel Barcelos
58109,Sandra Espinosa
71755,Sara Rodrigo
43551,Saranna Helal
45221,Sawlo Levis
81993,Tácio Gracio
91622,Tadeu Portugal
10067,Tatiane Catarina
91922,Tayane Folly
24945,Thalles Ferman
71981,Thamires Hippertt
32478,Thamirez Gameiro
99698,Thauan Bom
41412,Thayli Rotava
32960,Thayna Queiroz
46623,Thays Emmerick
29357,Thiago Zozimo
70698,Tomas Garrido
66004,Ully Bakman
73135,Ursula Kuhlmann
59210,Victória Ciriaco
16605,Wendela Peluso
66020,Wesley Lemos
27778,Wilson Narduche
87476,Yasmine Cantalice
98201,Adailton Sayuri
31321,Alan Colacino
56650,Alecsander Kohn
37358,Alex Faller
15542,Alexandre Sobral
54115,Alexia Monteiro
58753,Aline Feliciano
91104,Álvaro Barrocas
39123,Andre Kendra
77148,Andréia Cavalca
39791,Anízio Brasileiro
44870,Antonia Gouvêa
12031,Antônio Cuciniello
42702,Antonio Portes
52664,Beatris Ávila
14473,Bianca Revelles
99401,Bruno Alberto
38638,Cassia Neves
72138,Célio Nobili
23238,César Alvim
50569,Cézar Müller
62403,Christiane Voltes
13409,Cícero Marcelino
37044,Cláudia Fontana
15555,Cláudio Regina
78008,Cristina Batista
36883,Cynthia El-Jaick
18426,Daiana Menezes
18977,Dalvan Carneiro
72869,Daniela Cucco
24395,Daniele Arias
11111,David Britz
81302,Débora Haimenis
71078,Debora Madureira
65298,Diego Mazzi
78724,Domenik Aline
59475,Douglas Rebouças
87229,Eduarda Ferrato
64380,Elana Vilas
96571,Enrico Liz
66382,Enrique José
80181,Ericka Villar
37409,Fátima Wolguemuth
23379,Fernando Felix
91360,Flavio Firmo
89337,Francyne Akiama
64242,Gabriela André
20677,Gabriella Mesitieri
92012,Geam Veiga
96927,Gisely Paragó
33921,Giuseppe Luara
61076,Gizele Reyna
90964,Gleisy Mizrahy
98549,Hanna Marcello
10935,Heitor Albuquerque
23159,Helena Penteado
79880,Helvio Fróes
50807,Hiago Lutterbach
26917,Higor Bárbara
19896,Hyago Fecha
97039,Iago Lauzana
39259,Ian Carajuru
17453,Isabella Rodine
89540,Itai Constant
84094,Ives Cezar
22088,Jayme Bartolote
89391,Jeferson Benetoli
12835,Jennifer Rabello
12245,Jessika Aziz
84915,John Victorio
30060,Jonatas Caetano
38006,Jorge Lavinas
57996,Juann Ziegler
80007,Julie Paixão
86142,Julyana Totti
75494,Karline Gustavo
13902,Karoline Luís
98750,Kimberly Luna
36605,Laís Villela
77691,Larissa Buhler
60269,Leandro Guillermo
89719,Leila Doria
81063,Letícia Lovato
25033,Luã Feitosa
69665,Luan Barrionuevo
55940,Lucas Uenington
42181,Luciana Primo
38710,Luisa Nager
37226,Maciela Felipi
33980,Marcele Gabrielle
18380,Marcelo Letícia
92008,Marianne Vannier
46299,Marília Sarria
24437,Marjorie Vargas
90942,Mayara Katz
86813,Micaele Salomão
50724,Millena Lobato
68047,Mirian Correa
47868,Murilo Ban
19173,Mylla Heluy
32199,Nathalia Ébani
14177,Nathan Lempee
95354,Nayne Buarque
87989,Nickole Loyola
43594,Nicole Mollica
88765,Nuno Boaventura
96581,Olívia Ellen
13855,Paola Lourenço
66834,Patricia Liberbaum
26918,Patrick Leme
66675,Paula Kalume
30895,Priscila Alice
57014,Rachel Iure
61327,Raíza Nathan
12151,Raquel Kelly
33015,Rebeca Rijo
22782,Rebecca Mac
31409,Renata Baumeier
12941,Rhanna Ognibene
67438,Rômulo Sanches
36734,Samir Rennó
29668,Samuel Barcelos
95171,Sandra Espinosa
22577,Sara Rodrigo
48499,Saranna Helal
61136,Sawlo Levis
53272,Tácio Gracio
14385,Tadeu Portugal
97571,Talita Garambone
18985,Tatiane Catarina
60726,Tayane Folly
65142,Thalles Ferman
22508,Thamirez Gameiro
24357,Thauan Bom
59753,Thayli Rotava
71328,Thayna Queiroz
68078,Thays Emmerick
61352,Thiago Zozimo
71596,Tomas Garrido
42683,Ully Bakman
92166,Ursula Kuhlmann
98666,Victória Ciriaco
50717,Wendela Peluso
32881,Wesley Lemos
39817,Wilson Narduche
57908,Yasmine Cantalice
38167,Adailton Sayuri
63317,Alan Colacino
72662,Alecsander Kohn
84798,Alex Faller
61679,Alexandre Sobral
55438,Alexia Monteiro
68137,Alice Lara
23592,Aline Feliciano
62606,Álvaro Barrocas
43772,Andre Kendra
94430,Andréia Cavalca
76916,Andrew Takioche
42749,Anízio Brasileiro
31360,Antonia Gouvêa
73873,Antônio Cuciniello
22911,Antonio Portes
67317,Arnaldo Bueno
11628,Beatris Ávila
49619,Bianca Revelles
59098,Bruno Alberto
83782,Carlos Thaíssa
45932,Cassia Neves
27889,Célio Nobili
27697,César Alvim
90245,Cézar Müller
13954,Christiane Voltes
90803,Cláudia Fontana
20247,Cláudio Regina
31074,Cristina Batista
94949,Cynthia El-Jaick
72869,Daiana Menezes
40361,Daniela Cucco
52030,Daniele Arias
71428,David Britz
47585,Débora Haimenis
42165,Debora Madureira
11881,Diego Mazzi
53275,Domenik Aline
79271,Douglas Rebouças
38587,Eduarda Ferrato
72589,Elana Vilas
99551,Elena Consorte
59259,Enrico Liz
17999,Enrique José
75557,Ericka Villar
97234,Fátima Wolguemuth
44865,Fernando Felix
39966,Flavio Firmo
97135,Francyne Akiama
11052,Gabriela André
64197,Gabriella Mesitieri
30805,Geam Veiga
62601,Gisely Paragó
96181,Giuseppe Luara
69764,Gizele Reyna
67542,Gleisy Mizrahy
44193,Hanna Marcello
56090,Heitor Albuquerque
39129,Helena Penteado
14437,Hiago Lutterbach
25390,Higor Bárbara
21103,Hyago Fecha
11361,Iago Lauzana
89732,Ian Carajuru
90632,Ingra Goulart
39339,Isabella Rodine
23966,Itai Constant
41504,Ives Cezar
16908,Jayme Bartolote
20608,Jeferson Benetoli
26089,Jennifer Rabello
30617,Jessika Aziz
11275,John Victorio
35590,Jonatas Caetano
70350,Jorge Lavinas
85609,Juann Ziegler
66235,Julie Paixão
97140,Julyana Totti
77417,Karline Gustavo
59074,Karoline Luís
23107,Kimberly Luna
27928,Laís Villela
94578,Larissa Buhler
17611,Leandro Guillermo
12111,Leila Doria
58790,Letícia Lovato
21997,Luan Barrionuevo
37712,Lucas Uenington
26627,Luciana Primo
55131,Luisa Nager
88069,Lyandra Anunciação
78118,Maciela Felipi
58342,Marcele Gabrielle
84541,Marcelo Letícia
18372,Marianne Vannier
95109,Marília Sarria
99384,Mayara Katz
47352,Micaele Salomão
81047,Michel Duarte
20952,Millena Lobato
57351,Mirian Correa
13304,Murilo Ban
35165,Mylla Heluy
77312,Nathalia Ébani
79240,Nathan Lempee
81717,Nayne Buarque
87588,Nickole Loyola
94808,Nicole Mollica
50652,Olívia Ellen
79590,Paola Lourenço
48162,Patricia Liberbaum
67090,Patrick Leme
57388,Paula Kalume
11919,Priscila Alice
12712,Rachel Iure
32838,Raíza Nathan
27556,Raquel Kelly
81183,Rebeca Rijo
18195,Rebecca Mac
41893,Renata Baumeier
23674,Rhanna Ognibene
58425,Rodney Fioretti
64670,Rodrigo Beneton
72367,Rômulo Sanches
35866,Samir Rennó
16652,Samuel Barcelos
24249,Sandra Espinosa
94026,Sara Rodrigo
79254,Sawlo Levis
98382,Tácio Gracio
78097,Tadeu Portugal
39505,Tatiane Catarina
90884,Tayane Folly
33061,Thalles Ferman
48708,Thamires Hippertt
48985,Thauan Bom
44139,Thayli Rotava
96843,Thayna Queiroz
46196,Thays Emmerick
25837,Thiago Zozimo
71494,Tomas Garrido
66724,Ully Bakman
14137,Ursula Kuhlmann
40450,Victória Ciriaco
99646,Wendela Peluso
93396,Wesley Lemos
42612,Wilson Narduche
86958,Yasmine Cantalice
84629,Adailton Sayuri
32362,Alan Colacino
63544,Alecsander Kohn
22906,Alex Faller
78314,Alexandre Sobral
70804,Alexia Monteiro
76166,Aline Feliciano
15046,Álvaro Barrocas
91887,Andre Kendra
88510,Andréia Cavalca
18501,Andrew Takioche
95362,Anízio Brasileiro
76312,Antonia Gouvêa
54767,Antônio Cuciniello
84110,Antonio Portes
80230,Arnaldo Bueno
44617,Beatris Ávila
79525,Bianca Revelles
32067,Bruno Alberto
22158,Carlos Thaíssa
45882,Cassia Neves
96394,Célio Nobili
22063,César Alvim
57950,Cézar Müller
86234,Christiane Voltes
67048,Cícero Marcelino
65913,Cláudia Fontana
49326,Cláudio Regina
97859,Cristina Batista
81490,Cynthia El-Jaick
31300,Daiana Menezes
92060,Dalvan Carneiro
43070,Daniela Cucco
16272,Daniele Arias
73563,David Britz
97484,Débora Haimenis
26800,Debora Madureira
53268,Diego Mazzi
56556,Domenik Aline
35888,Douglas Rebouças
57547,Eduarda Ferrato
54867,Elana Vilas
94172,Elena Consorte
14742,Enrico Liz
13764,Enrique José
47574,Ericka Villar
20001,Fátima Wolguemuth
55978,Fernando Felix
99951,Flavio Firmo
44910,Gabriela André
23748,Gabriella Mesitieri
85593,Gisely Paragó
74292,Giuseppe Luara
82239,Gizele Reyna
59565,Gleisy Mizrahy
85754,Hanna Marcello
77614,Heitor Albuquerque
20684,Helena Penteado
23233,Helvio Fróes
24272,Hiago Lutterbach
71602,Higor Bárbara
64655,Hyago Fecha
92258,Iago Lauzana
58812,Ian Carajuru
32778,Isabella Rodine
97675,Itai Constant
25368,Ives Cezar
13547,Jayme Bartolote
67569,Jeferson Benetoli
34167,Jennifer Rabello
55671,Jessika Aziz
84084,John Victorio
32934,Jonatas Caetano
10647,Jorge Lavinas
64737,Juann Ziegler
82437,Julie Paixão
86502,Julyana Totti
98404,Karline Gustavo
43302,Karoline Luís
17598,Kimberly Luna
99928,Laís Villela
81117,Larissa Buhler
27916,Leandro Guillermo
78812,Leila Doria
99275,Letícia Lovato
75128,Luã Feitosa
21883,Luan Barrionuevo
68049,Lucas Uenington
96624,Luciana Primo
37108,Luisa Nager
53146,Maciela Felipi
85374,Marcele Gabrielle
67838,Marcelo Letícia
43718,Marianne Vannier
11369,Marília Sarria
45920,Marjorie Vargas
52405,Mayara Katz
50517,Micaele Salomão
41429,Michel Duarte
69975,Millena Lobato
92661,Mirian Correa
62881,Murilo Ban
10751,Mylla Heluy
18374,Nathalia Ébani
81309,Nayne Buarque
99943,Nickole Loyola
93477,Nicole Mollica
13763,Nuno Boaventura
98136,Paola Lourenço
33701,Patricia Liberbaum
55361,Patrick Leme
24646,Paula Kalume
59090,Priscila Alice
89352,Rachel Iure
19410,Raíza Nathan
73124,Raquel Kelly
43485,Rebeca Rijo
79618,Rebecca Mac
93832,Renata Baumeier
39161,Rhanna Ognibene
57981,Rodney Fioretti
25401,Rodrigo Beneton
50640,Rômulo Sanches
83906,Samir Rennó
49213,Samuel Barcelos
37440,Sandra Espinosa
25370,Sara Rodrigo
42095,Saranna Helal
40467,Sawlo Levis
28794,Tácio Gracio
45831,Tadeu Portugal
78888,Talita Garambone
31637,Tatiane Catarina
96003,Tayane Folly
80514,Thalles Ferman
79631,Thamires Hippertt
35839,Thamirez Gameiro
67507,Thauan Bom
85372,Thayli Rotava
91985,Thayna Queiroz
80542,Thays Emmerick
51559,Thiago Zozimo
41041,Ully Bakman
38604,Ursula Kuhlmann
65827,Victória Ciriaco
42248,Wendela Peluso
61252,Wesley Lemos
65151,Wilson Narduche
47491,Yasmine Cantalice
71507,Adailton Sayuri
47179,Alecsander Kohn
52783,Alex Faller
98105,Alexandre Sobral
66988,Alexia Monteiro
31779,Alice Lara
66472,Aline Feliciano
74842,Álvaro Barrocas
30572,Andre Kendra
92797,Andréia Cavalca
50516,Anízio Brasileiro
58944,Antonia Gouvêa
89929,Antônio Cuciniello
73033,Antonio Portes
60417,Arnaldo Bueno
37990,Beatris Ávila
86021,Bianca Revelles
11731,Bruno Alberto
35954,Carlos Thaíssa
48817,Cassia Neves
92749,Célio Nobili
91479,César Alvim
23713,Cézar Müller
35898,Christiane Voltes
51024,Cícero Marcelino
70912,Cláudia Fontana
18586,Cristina Batista
27234,Cynthia El-Jaick
58481,Daiana Menezes
84654,Dalvan Carneiro
52852,Daniela Cucco
37442,Daniele Arias
97767,David Britz
58465,Débora Haimenis
58313,Debora Madureira
55599,Diego Mazzi
90883,Domenik Aline
99338,Douglas Rebouças
41665,Eduarda Ferrato
53604,Elana Vilas
34411,Elena Consorte
87432,Enrico Liz
15790,Ericka Villar
49384,Fátima Wolguemuth
10633,Fernando Felix
59129,Flavio Firmo
59980,Francyne Akiama
68064,Gabriela André
92497,Gabriella Mesitieri
58295,Geam Veiga
60250,Giuseppe Luara
83401,Gizele Reyna
26224,Gleisy Mizrahy
15822,Hanna Marcello
66807,Heitor Albuquerque
61231,Helena Penteado
63906,Helvio Fróes
55953,Hiago Lutterbach
39557,Higor Bárbara
66463,Hyago Fecha
49892,Iago Lauzana
51530,Ian Carajuru
44051,Ingra Goulart
35232,Isabella Rodine
38974,Itai Constant
19328,Ives Cezar
69692,Jayme Bartolote
54228,Jeferson Benetoli
21435,Jennifer Rabello
70936,Jessika Aziz
39211,John Victorio
59929,Jonatas Caetano
79856,Jorge Lavinas
14249,Juann Ziegler
43415,Julie Paixão
61507,Julyana Totti
25279,Karoline Luís
15606,Kimberly Luna
78062,Laís Villela
22472,Larissa Buhler
55752,Leandro Guillermo
32795,Leila Doria
10326,Letícia Lovato
57833,Luã Feitosa
88635,Luan Barrionuevo
64774,Lucas Uenington
20774,Luciana Primo
45450,Luisa Nager
79083,Lyandra Anunciação
64749,Maciela Felipi
73043,Marcele Gabrielle
42578,Marcelo Letícia
21102,Marianne Vannier
49506,Marília Sarria
87459,Marjorie Vargas
41169,Mayara Katz
24238,Michel Duarte
39328,Millena Lobato
86739,Mirian Correa
28397,Murilo Ban
38570,Mylla Heluy
29669,Nathalia Ébani
11621,Nathan Lempee
42095,Nayne Buarque
52966,Nickole Loyola
67866,Nicole Mollica
11747,Nuno Boaventura
54307,Olívia Ellen
56768,Paola Lourenço
45606,Patricia Liberbaum
22484,Patrick Leme
90008,Paula Kalume
43045,Priscila Alice
90592,Rachel Iure
81474,Raíza Nathan
12175,Raquel Kelly
62319,Rebecca Mac
48941,Renata Baumeier
39668,Rhanna Ognibene
18895,Rodney Fioretti
69310,Rodrigo Beneton
33184,Samir Rennó
60344,Samuel Barcelos
82906,Sandra Espinosa
31636,Sara Rodrigo
49430,Saranna Helal
56202,Sawlo Levis
29137,Tácio Gracio
58637,Tadeu Portugal
71266,Talita Garambone
38994,Tatiane Catarina
81130,Tayane Folly
50538,Thalles Ferman
87251,Thamires Hippertt
28345,Thamirez Gameiro
93012,Thauan Bom
93014,Thayli Rotava
83487,Thayna Queiroz
16459,Thays Emmerick
79660,Thiago Zozimo
49903,Tomas Garrido
22683,Ully Bakman
43182,Ursula Kuhlmann
34063,Victória Ciriaco
67258,Wendela Peluso
96381,Wesley Lemos
41563,Wilson Narduche
27532,Yasmine Cantalice
35247,Adailton Sayuri
57551,Alan Colacino
27493,Alecsander Kohn
75371,Alex Faller
40519,Alexandre Sobral
36645,Alexia Monteiro
98245,Alice Lara
57894,Aline Feliciano
90540,Álvaro Barrocas
45378,Andre Kendra
83846,Andréia Cavalca
54266,Andrew Takioche
33151,Anízio Brasileiro
99005,Antonia Gouvêa
22049,Antônio Cuciniello
54546,Antonio Portes
89153,Arnaldo Bueno
79643,Beatris Ávila
42416,Bianca Revelles
23517,Bruno Alberto
23048,Carlos Thaíssa
90351,Cassia Neves
27505,Célio Nobili
38421,César Alvim
57253,Cézar Müller
12067,Christiane Voltes
79482,Cícero Marcelino
31546,Cláudia Fontana
18072,Cláudio Regina
93277,Cristina Batista
18624,Cynthia El-Jaick
77784,Daiana Menezes
87515,Dalvan Carneiro
75333,Daniela Cucco
46102,Daniele Arias
46696,David Britz
13636,Débora Haimenis
44711,Diego Mazzi
17235,Domenik Aline
68458,Douglas Rebouças
73498,Eduarda Ferrato
37171,Elana Vilas
32921,Elena Consorte
23096,Enrico Liz
27086,Enrique José
77798,Ericka Villar
16394,Fátima Wolguemuth
22842,Fernando Felix
97542,Flavio Firmo
95191,Francyne Akiama
39606,Gabriela André
38166,Gabriella Mesitieri
62946,Geam Veiga
77681,Gisely Paragó
18582,Giuseppe Luara
89031,Gizele Reyna
77523,Gleisy Mizrahy
84418,Hanna Marcello
59876,Heitor Albuquerque
94296,Helena Penteado
65654,Helvio Fróes
74374,Hiago Lutterbach
50935,Higor Bárbara
83813,Hyago Fecha
90339,Iago Lauzana
71907,Ian Carajuru
25599,Ingra Goulart
99735,Isabella Rodine
28878,Itai Constant
58359,Ives Cezar
62213,Jayme Bartolote
55841,Jeferson Benetoli
22456,Jennifer Rabello
35376,Jessika Aziz
65947,John Victorio
26242,Jonatas Caetano
93013,Jorge Lavinas
77104,Juann Ziegler
78747,Julie Paixão
87768,Julyana Totti
10384,Karline Gustavo
35257,Karoline Luís
30075,Kimberly Luna
83522,Larissa Buhler
34968,Leandro Guillermo
53130,Leila Doria
29096,Letícia Lovato
88623,Luã Feitosa
96426,Luan Barrionuevo
62090,Lucas Uenington
34294,Luciana Primo
52997,Luisa Nager
96838,Lyandra Anunciação
46827,Maciela Felipi
19617,Marcele Gabrielle
80231,Marcelo Letícia
67550,Marianne Vannier
23664,Marília Sarria
37234,Marjorie Vargas
95947,Mayara Katz
82567,Micaele Salomão
89655,Michel Duarte
65704,Millena Lobato
63965,Mirian Correa
17735,Murilo Ban
88823,Mylla Heluy
68961,Nathalia Ébani
63564,Nathan Lempee
64198,Nayne Buarque
85914,Nickole Loyola
15900,Nicole Mollica
16607,Nuno Boaventura
36659,Olívia Ellen
97359,Paola Lourenço
62518,Patricia Liberbaum
28948,Patrick Leme
31820,Paula Kalume
33726,Priscila Alice
68621,Rachel Iure
46619,Raíza Nathan
60051,Raquel Kelly
97891,Rebeca Rijo
58883,Rebecca Mac
13597,Renata Baumeier
73803,Rhanna Ognibene
28419,Rodney Fioretti
53714,Rodrigo Beneton
44610,Rômulo Sanches
39586,Samuel Barcelos
48154,Sandra Espinosa
48813,Sara Rodrigo
53422,Saranna Helal
86430,Sawlo Levis
73954,Tácio Gracio
83573,Tadeu Portugal
74281,Talita Garambone
72657,Tatiane Catarina
64611,Tayane Folly
87540,Thalles Ferman
61827,Thamires Hippertt
14531,Thamirez Gameiro
20572,Thauan Bom
71047,Thayli Rotava
72651,Thays Emmerick
64889,Thiago Zozimo
20803,Tomas Garrido
80820,Ully Bakman
49896,Ursula Kuhlmann
27207,Victória Ciriaco
59324,Wendela Peluso
43864,Wesley Lemos
60842,Wilson Narduche
50729,Yasmine Cantalice
16340,Adrielle Fiaes
13283,Agnes Lana
26223,Alberto Moniz
55257,Alessandro Akerman
66635,Alexandra Greco
57784,Allan Evelyn
19211,Ananda Hermes
69988,André Vejarano
20972,Ângelo Vilardo
62587,Ary Peters
91423,Bárbara Bottin
29411,Barbara Laís
74594,Beatriz Casassanta
63234,Bernardo Vaccariello
43129,Betania Vinicius
50658,Bruna Lamosa
80621,Camille Santana
65327,Carina Ferrer
94873,Carolina Lindmeyer
20959,Caroline Tartaroni
25099,Carolini Arêas
12633,Caroll Vita
68185,Chan Gabriela
80882,Christine Malvar
64815,Cinthia Ribas
73203,Clara Losso
43703,Cleberson Ronfini
48887,Constantino Fragoso
48549,Cristiane Raposo
68127,Dandara Tanita
96110,Daniella Peralva
35407,Desirée Acquarone
27428,Deysiane Bezerra
70399,Diana Rebelo
46597,Diogo Grin
60121,Drielly Cassabian
10237,Ébio Leandro
71987,Edjailma Tsuyoshi
75209,Edson Vilhena
64395,Eliane Beznos
25138,Elio Silveira
95661,Emanuella Marinho
37430,Emmanuel Marcolini
71977,Erik Menaged
60101,Ester Bachini
74370,Etiene Centurione
51586,Filipe Marsicano
54912,Flávia Zaban
60519,Francisco Muniz
55058,Gianluca Camilla
86282,Giulia Gualberto
38420,Glaucia Pelegrino
74011,Gleydson Cravo
45682,Guilherme Kale
59959,Henrique Rohr
67978,Hugo Wien
29181,Isabel Altino
63880,Isabela Mothé
57873,Isadora Aiex
14234,Iuri Azevedo
37246,Ivan Villamil
73272,Izabel Brust
55348,Izadora Sara
86514,Jaqueline Passarelli
22878,Joana Salek
18677,Joel Bispo
99950,Jônatas Helt
43706,Jonnathan Maués
23328,Jose Alvarenga
24675,Josefe Fasano
29426,Juan Loureiro
42035,Julia Cappelli
12986,Juliane Morais
92893,Julianna Mancebo
46675,Karine Pettene
32919,Lais Leta
63875,Lenon Harumi
22136,León Allister
27823,Leonardo Clímaco
30445,Lívia Ronck
31274,Lohany Balassiano
92086,Luca Vittoria
74543,Lucca Rottas
67269,Maike Vinícius
47646,Marcela Asenjo
35641,Marcella Villa
77172,Marcus Pires
19794,Maria Resnik
97379,Mariana Vazquez
37201,Mariane Barbutti
20879,Marianna Prado
38288,Marta Placido
79426,Maryanna Monnerat
74181,Maurício Kranz
53186,Mauricio Ladogano
85331,Michele Blanc
64905,Michelle Natalucci
46883,Miguel Sttellet
17443,Milena Hamad
76397,Mylena Tonon
41934,Natalia Gramacho
47475,Natália Milagre
83557,Nattalya Magalhaes
69720,Nélio Iglesias
30547,Nina Lacoste
42290,Nivea Capitulo
74189,Norman Tâmara
68667,Paulo Matsuoka
96399,Philipe Kuszer
12881,Priscilla D'Alessandro
31956,Raissa Donati
18759,Raul Póvoa
83162,Ravena Fuchs
90406,Rayane Jakobsson
50715,Renan El
73217,Roberta Orlando
99984,Roberto Hashimoto
14717,Rogério Ferrari
51946,Rojane Piccinini
65463,Román Leonardo
82215,Rubens Limeira
64307,Rubyson Nogueira
35446,Sarah Leticia
44318,Sofia Li
80714,Soraia Palha
95720,Sthefeson Fuentes
82065,Sylvio Couto
77860,Taila Carelli
87476,Teresa Lisboa
21373,Thadeu Bomfim
95078,Thainá Calassara
94836,Thais Goncalves
63071,Thalita Trinta
92881,Thamiris Cerqueira
45897,Thayná Candreva
38344,Thayssa Smolarek
14432,Thomas Vasconcelos
22912,Thomáz Kopschitz
89340,Thomaz Willkomm
25092,Tiago Vitória
79927,Venan Bittencourt
22356,Vinícius Lucio
23402,Vivianne Terra
74949,Walace Rotsztejn
82281,Wellington Provenzano
31181,Willian Spata
88597,Yan Zaltman
19757,Yasmim Paciencia
58969,Yasmini Friaes
80711,Yohana Victoria
42310,Ysabella Malavolti
77385,Yuri Barbalho
43954,Yuske Gusmão
92278,Adrielle Fiaes
64343,Alberto Moniz
26873,Alessandro Akerman
14294,Alexandra Greco
32203,Allan Evelyn
60840,Ananda Hermes
23193,Ângelo Vilardo
70069,Ary Peters
45874,Audir Avila
65114,Bárbara Bottin
35600,Barbara Laís
96317,Beatriz Casassanta
24339,Bernardo Vaccariello
15573,Betania Vinicius
91872,Bruna Lamosa
61223,Camille Santana
95272,Carina Ferrer
42873,Carolina Lindmeyer
71810,Caroline Tartaroni
75686,Carolini Arêas
36427,Caroll Vita
10730,Chan Gabriela
27322,Christine Malvar
35553,Cinthia Ribas
83769,Clara Losso
47391,Cleberson Ronfini
13098,Constantino Fragoso
19333,Cristiane Raposo
48362,Dandara Tanita
27670,Daniella Peralva
21464,Desirée Acquarone
30961,Deysiane Bezerra
25785,Diana Rebelo
88678,Diogo Grin
67340,Drielly Cassabian
69359,Ébio Leandro
69353,Edjailma Tsuyoshi
85883,Edson Vilhena
14382,Eliane Beznos
53931,Elio Silveira
53754,Emanuella Marinho
69989,Emmanuel Marcolini
81388,Erik Menaged
47887,Etiene Centurione
88837,Evelyn Rosario
99272,Felipe Grunhauser
88836,Filipe Marsicano
89350,Flávia Zaban
34237,Francisco Muniz
36455,Gianluca Camilla
98996,Giulia Gualberto
83572,Glaucia Pelegrino
34290,Gleydson Cravo
44016,Guilherme Kale
69517,Helen Bello
28243,Henrique Rohr
29244,Hugo Wien
16871,Isabel Altino
19595,Isabela Mothé
57916,Isadora Aiex
23180,Iuri Azevedo
86799,Ivan Villamil
59861,Izabel Brust
22830,Izadora Sara
11239,Jaqueline Passarelli
18686,Jeronimo Camara
12006,Joana Salek
12058,Joel Bispo
48767,Jônatas Helt
74687,Jonnathan Maués
71807,Jose Alvarenga
90842,Josefe Fasano
52802,Juan Loureiro
38730,Julia Cappelli
29697,Juliane Morais
77202,Julianna Mancebo
61992,Karine Pettene
60466,Lais Leta
76332,Laura Biccas
63481,Lenon Harumi
74426,León Allister
64712,Leonardo Clímaco
36684,Lívia Ronck
44348,Lohany Balassiano
84183,Luca Vittoria
49696,Lucca Rottas
25123,Maike Vinícius
93959,Marcela Asenjo
56427,Marcella Villa
65046,Marcus Pires
55683,Mariana Vazquez
61489,Mariane Barbutti
97786,Marianna Prado
58303,Marta Placido
46228,Maryanna Monnerat
76022,Maurício Kranz
23444,Mauricio Ladogano
77020,Michele Blanc
72606,Michelle Natalucci
98942,Miguel Sttellet
24875,Milena Hamad
61971,Mylena Tonon
49046,Naiara Fejo
34372,Natalia Gramacho
32501,Natália Milagre
75869,Nattalya Magalhaes
34005,Nélio Iglesias
75965,Nina Lacoste
35639,Nivea Capitulo
71145,Norman Tâmara
66509,Paulo Matsuoka
61404,Philipe Kuszer
58112,Priscilla D'Alessandro
49771,Raul Póvoa
16577,Ravena Fuchs
44340,Rayane Jakobsson
11597,Roberta Orlando
47921,Roberto Hashimoto
74799,Rogério Ferrari
17172,Rojane Piccinini
50406,Román Leonardo
98327,Rubens Limeira
40308,Rubyson Nogueira
27079,Sarah Leticia
70751,Sofia Li
33610,Soraia Palha
33459,Stella Penalva
42000,Sthefeson Fuentes
14743,Sylvio Couto
34543,Taila Carelli
99386,Tainara Cisneiros
32912,Teresa Lisboa
34410,Thadeu Bomfim
68278,Thainá Calassara
11243,Thais Goncalves
73641,Thalita Trinta
73802,Thamiris Cerqueira
62864,Thayná Candreva
17458,Thayssa Smolarek
69729,Thomas Vasconcelos
57918,Venan Bittencourt
46042,Victor Medina
15566,Vinícius Lucio
93413,Vivianne Terra
45624,Walace Rotsztejn
78304,Wellington Provenzano
16352,Yan Zaltman
92635,Yasmim Paciencia
79993,Yasmini Friaes
32407,Yohana Victoria
65893,Ysabella Malavolti
58218,Yuri Barbalho
73567,Yuske Gusmão
14197,Adrielle Fiaes
29856,Agnes Lana
24786,Alberto Moniz
87929,Alessandro Akerman
62442,Alexandra Greco
83934,Allan Evelyn
27862,Ananda Hermes
86672,André Vejarano
88617,Ângelo Vilardo
46657,Ary Peters
11666,Audir Avila
68363,Bárbara Bottin
81088,Barbara Laís
95981,Beatriz Casassanta
29579,Bernardo Vaccariello
31404,Betania Vinicius
92010,Carina Ferrer
99042,Carolina Lindmeyer
11975,Caroline Tartaroni
65860,Carolini Arêas
79365,Caroll Vita
95247,Chan Gabriela
34193,Christine Malvar
48243,Cinthia Ribas
31064,Clara Losso
66468,Cleberson Ronfini
10779,Constantino Fragoso
74011,Cristiane Raposo
52792,Dandara Tanita
14560,Daniella Peralva
80810,Desirée Acquarone
59113,Diana Rebelo
56368,Diogo Grin
25588,Drielly Cassabian
93110,Ébio Leandro
46301,Edjailma Tsuyoshi
60798,Edson Vilhena
12259,Eliane Beznos
69475,Elio Silveira
54111,Emmanuel Marcolini
53899,Erik Menaged
10852,Ester Bachini
88646,Etiene Centurione
66451,Evelyn Rosario
58412,Felipe Grunhauser
36643,Filipe Marsicano
23686,Flávia Zaban
48524,Francisco Muniz
22859,Gianluca Camilla
52275,Giulia Gualberto
50677,Glenda Touriño
20479,Gleydson Cravo
94021,Guilherme Kale
86833,Helen Bello
27205,Henrique Rohr
53607,Hugo Wien
44930,Isabel Altino
29473,Isabela Mothé
64973,Isadora Aiex
25184,Iuri Azevedo
49489,Ivan Villamil
90383,Izabel Brust
52050,Izadora Sara
67095,Jaqueline Passarelli
22458,Jeronimo Camara
73570,Joana Salek
66770,Joel Bispo
10309,Jônatas Helt
11429,Jose Alvarenga
50513,Josefe Fasano
97113,Juan Loureiro
21930,Julia Cappelli
15625,Julianna Mancebo
21084,Lais Leta
96487,Laura Biccas
24077,Lenon Harumi
44901,León Allister
58291,Leonardo Clímaco
89292,Lívia Ronck
14177,Luca Vittoria
51131,Lucca Rottas
46381,Maike Vinícius
97379,Marcela Asenjo
64355,Marcella Villa
53348,Marcus Pires
57638,Maria Resnik
11569,Mariana Vazquez
73609,Mariane Barbutti
97445,Marianna Prado
31808,Maryanna Monnerat
90771,Maurício Kranz
60153,Mauricio Ladogano
71038,Michele Blanc
83493,Michelle Natalucci
24935,Miguel Sttellet
22935,Milena Hamad
24148,Mylena Tonon
27106,Naiara Fejo
57029,Natalia Gramacho
20697,Natália Milagre
96816,Nattalya Magalhaes
95993,Nélio Iglesias
13589,Nina Lacoste
84143,Nivea Capitulo
15407,Norman Tâmara
32201,Paulo Matsuoka
42960,Philipe Kuszer
31796,Priscilla D'Alessandro
40447,Raissa Donati
86027,Ravena Fuchs
75315,Rayane Jakobsson
32947,Renan El
40136,Roberta Orlando
59973,Roberto Hashimoto
48769,Rogério Ferrari
71727,Rojane Piccinini
15343,Román Leonardo
70002,Rubens Limeira
81450,Rubyson Nogueira
34797,Sarah Leticia
63862,Sofia Li
18115,Soraia Palha
80276,Stella Penalva
91375,Sthefeson Fuentes
63959,Sylvio Couto
64182,Taila Carelli
53370,Tainara Cisneiros
18450,Teresa Lisboa
99852,Thadeu Bomfim
51667,Thais Goncalves
54516,Thalita Trinta
15845,Thamiris Cerqueira
44652,Thayná Candreva
61456,Thayssa Smolarek
64893,Thomas Vasconcelos
45560,Thomáz Kopschitz
29520,Thomaz Willkomm
30342,Tiago Vitória
79425,Venan Bittencourt
67275,Victor Medina
71289,Vinícius Lucio
55868,Vivianne Terra
22523,Walace Rotsztejn
17266,Wellington Provenzano
44685,Willian Spata
37240,Yan Zaltman
30746,Yasmini Friaes
31078,Yohana Victoria
29391,Ysabella Malavolti
92785,Yuri Barbalho
57944,Yuske Gusmão
51275,Adrielle Fiaes
66679,Agnes Lana
48047,Alberto Moniz
71839,Alessandro Akerman
70343,Alexandra Greco
45110,Allan Evelyn
75032,Ananda Hermes
39676,André Vejarano
95381,Ângelo Vilardo
29883,Ary Peters
72325,Audir Avila
94544,Bárbara Bottin
45609,Beatriz Casassanta
25821,Bernardo Vaccariello
67864,Betania Vinicius
63321,Bruna Lamosa
65930,Camille Santana
59697,Carina Ferrer
70996,Carolina Lindmeyer
41774,Caroline Tartaroni
79756,Carolini Arêas
13614,Caroll Vita
68111,Chan Gabriela
22294,Christine Malvar
22190,Cinthia Ribas
47509,Clara Losso
66621,Cleberson Ronfini
34995,Constantino Fragoso
90223,Cristiane Raposo
55490,Dandara Tanita
25362,Daniella Peralva
73459,Desirée Acquarone
90106,Deysiane Bezerra
37683,Diana Rebelo
75568,Diogo Grin
62256,Drielly Cassabian
83292,Ébio Leandro
26535,Edjailma Tsuyoshi
25524,Edson Vilhena
54600,Eliane Beznos
51414,Elio Silveira
74119,Emanuella Marinho
53684,Emmanuel Marcolini
84938,Erik Menaged
57660,Ester Bachini
44870,Etiene Centurione
29628,Evelyn Rosario
73117,Felipe Grunhauser
66600,Filipe Marsicano
66415,Flávia Zaban
69558,Francisco Muniz
93881,Gianluca Camilla
97022,Giulia Gualberto
69662,Glaucia Pelegrino
23204,Glenda Touriño
97871,Gleydson Cravo
62669,Guilherme Kale
78173,Helen Bello
41992,Henrique Rohr
28060,Hugo Wien
83896,Isabel Altino
85984,Isabela Mothé
14116,Isadora Aiex
98605,Iuri Azevedo
19207,Ivan Villamil
22490,Izabel Brust
20766,Izadora Sara
31465,Jaqueline Passarelli
19415,Jeronimo Camara
52820,Joana Salek
59166,Jônatas Helt
49827,Jonnathan Maués
78710,Jose Alvarenga
22168,Josefe Fasano
32311,Juan Loureiro
16354,Julia Cappelli
66319,Juliane Morais
72995,Julianna Mancebo
72352,Karine Pettene
38601,Lais Leta
59661,Laura Biccas
14691,Lenon Harumi
64383,León Allister
43547,Leonardo Clímaco
84856,Lívia Ronck
96329,Lohany Balassiano
90116,Luca Vittoria
18130,Lucca Rottas
43328,Maike Vinícius
84496,Marcela Asenjo
66345,Marcella Villa
82915,Marcus Pires
73840,Maria Resnik
19789,Mariana Vazquez
71434,Mariane Barbutti
31574,Marianna Prado
37753,Marta Placido
57589,Maryanna Monnerat
44155,Maurício Kranz
79741,Mauricio Ladogano
71578,Michele Blanc
80946,Michelle Natalucci
43104,Miguel Sttellet
42985,Milena Hamad
74926,Mylena Tonon
66035,Naiara Fejo
81670,Natalia Gramacho
15102,Natália Milagre
73898,Nattalya Magalhaes
23516,Nélio Iglesias
73079,Nina Lacoste
64808,Nivea Capitulo
49599,Norman Tâmara
32368,Paulo Matsuoka
52347,Philipe Kuszer
30947,Priscilla D'Alessandro
99007,Raissa Donati
36272,Raul Póvoa
27204,Ravena Fuchs
33832,Rayane Jakobsson
70740,Renan El
96460,Roberta Orlando
67970,Roberto Hashimoto
83037,Rogério Ferrari
11395,Rojane Piccinini
99123,Román Leonardo
77200,Rubens Limeira
80027,Rubyson Nogueira
49080,Sarah Leticia
69879,Sofia Li
33485,Soraia Palha
47399,Stella Penalva
89527,Sthefeson Fuentes
62645,Sylvio Couto
70247,Taila Carelli
55158,Tainara Cisneiros
56744,Teresa Lisboa
75286,Thadeu Bomfim
29549,Thainá Calassara
58468,Thais Goncalves
14536,Thalita Trinta
19854,Thamiris Cerqueira
33031,Thayssa Smolarek
90622,Thomas Vasconcelos
47444,Thomáz Kopschitz
50912,Thomaz Willkomm
26899,Tiago Vitória
69581,Venan Bittencourt
99650,Victor Medina
11508,Vivianne Terra
55583,Walace Rotsztejn
16388,Wellington Provenzano
68202,Willian Spata
52633,Yan Zaltman
69139,Yasmim Paciencia
78977,Yasmini Friaes
52584,Yohana Victoria
18731,Ysabella Malavolti
72787,Yuri Barbalho
85479,Yuske Gusmão
46077,Adrielle Fiaes
68711,Agnes Lana
13046,Alberto Moniz
56983,Alessandro Akerman
35608,Alexandra Greco
49249,Allan Evelyn
83886,Ananda Hermes
70897,Ângelo Vilardo
55894,Ary Peters
64719,Audir Avila
97997,Bárbara Bottin
72538,Barbara Laís
80536,Beatriz Casassanta
56012,Bernardo Vaccariello
22858,Betania Vinicius
34410,Bruna Lamosa
17425,Camille Santana
98698,Carina Ferrer
38623,Carolina Lindmeyer
59717,Caroline Tartaroni
58352,Carolini Arêas
79523,Caroll Vita
44997,Chan Gabriela
59114,Christine Malvar
43008,Cinthia Ribas
99081,Clara Losso
27285,Cleberson Ronfini
37434,Constantino Fragoso
85702,Cristiane Raposo
37620,Dandara Tanita
37555,Daniella Peralva
40183,Desirée Acquarone
69095,Deysiane Bezerra
90433,Diana Rebelo
35476,Diogo Grin
87973,Drielly Cassabian
12974,Ébio Leandro
49047,Edjailma Tsuyoshi
64809,Edson Vilhena
20727,Eliane Beznos
37682,Elio Silveira
54523,Emanuella Marinho
35751,Emmanuel Marcolini
52517,Erik Menaged
81206,Ester Bachini
39556,Etiene Centurione
60380,Evelyn Rosario
52158,Felipe Grunhauser
26112,Filipe Marsicano
76801,Flávia Zaban
98289,Francisco Muniz
94340,Gianluca Camilla
87532,Giulia Gualberto
11873,Glaucia Pelegrino
72185,Glenda Touriño
20995,Gleydson Cravo
16229,Guilherme Kale
10786,Helen Bello
58684,Henrique Rohr
62826,Isabel Altino
91402,Isabela Mothé
43282,Isadora Aiex
47845,Iuri Azevedo
86516,Ivan Villamil
96343,Jaqueline Passarelli
75424,Jeronimo Camara
96068,Joana Salek
23972,Joel Bispo
46301,Jônatas Helt
87137,Jonnathan Maués
60922,Josefe Fasano
56158,Juan Loureiro
22010,Julia Cappelli
42950,Juliane Morais
73171,Karine Pettene
25554,Lais Leta
84195,Laura Biccas
37086,Lenon Harumi
10828,León Allister
98103,Leonardo Clímaco
54078,Lívia Ronck
97293,Lohany Balassiano
12413,Luca Vittoria
67602,Lucca Rottas
52426,Maike Vinícius
85287,Marcela Asenjo
11751,Marcella Villa
82945,Marcus Pires
64984,Maria Resnik
75559,Mariana Vazquez
54636,Mariane Barbutti
11364,Marianna Prado
75287,Marta Placido
78422,Maryanna Monnerat
98468,Maurício Kranz
88861,Mauricio Ladogano
46789,Michele Blanc
37640,Michelle Natalucci
69576,Miguel Sttellet
82413,Milena Hamad
65001,Mylena Tonon
17781,Naiara Fejo
59372,Natalia Gramacho
37194,Natália Milagre
46909,Nattalya Magalhaes
91477,Nélio Iglesias
99671,Nina Lacoste
36063,Nivea Capitulo
89330,Norman Tâmara
92222,Paulo Matsuoka
49594,Philipe Kuszer
47871,Priscilla D'Alessandro
10038,Raissa Donati
34026,Raul Póvoa
51313,Ravena Fuchs
25762,Rayane Jakobsson
15549,Renan El
95272,Roberta Orlando
49537,Roberto Hashimoto
66562,Rogério Ferrari
27220,Rojane Piccinini
20461,Román Leonardo
40151,Rubens Limeira
27621,Rubyson Nogueira
22995,Sarah Leticia
80191,Sofia Li
36704,Soraia Palha
37994,Stella Penalva
75561,Sthefeson Fuentes
76656,Sylvio Couto
29522,Taila Carelli
96748,Tainara Cisneiros
88932,Teresa Lisboa
79257,Thadeu Bomfim
61161,Thainá Calassara
32344,Thais Goncalves
64559,Thalita Trinta
72475,Thamiris Cerqueira
33648,Thayná Candreva
63546,Thayssa Smolarek
84955,Thomas Vasconcelos
66077,Thomáz Kopschitz
67472,Thomaz Willkomm
24111,Tiago Vitória
37507,Venan Bittencourt
85928,Victor Medina
19667,Vinícius Lucio
90641,Vivianne Terra
73658,Walace Rotsztejn
12215,Wellington Provenzano
48484,Willian Spata
35392,Yan Zaltman
38981,Yasmim Paciencia
30715,Yasmini Friaes
15123,Yohana Victoria
23608,Ysabella Malavolti
57786,Yuri Barbalho
91913,Yuske Gusmão
58797,Adrielle Fiaes
27970,Agnes Lana
81848,Alberto Moniz
52202,Alessandro Akerman
50001,Alexandra Greco
81152,Allan Evelyn
76615,Ananda Hermes
31211,André Vejarano
88265,Ângelo Vilardo
31132,Ary Peters
39814,Audir Avila
69373,Bárbara Bottin
34917,Barbara Laís
52915,Beatriz Casassanta
36770,Bernardo Vaccariello
40241,Betania Vinicius
88400,Bruna Lamosa
24628,Camille Santana
33947,Carina Ferrer
12795,Carolina Lindmeyer
59566,Caroline Tartaroni
45565,Carolini Arêas
37214,Caroll Vita
29987,Chan Gabriela
17012,Christine Malvar
18688,Cinthia Ribas
14189,Clara Losso
81122,Cleberson Ronfini
88020,Constantino Fragoso
80343,Cristiane Raposo
80631,Dandara Tanita
47311,Daniella Peralva
58944,Desirée Acquarone
75504,Deysiane Bezerra
49298,Diana Rebelo
91208,Diogo Grin
29990,Drielly Cassabian
97715,Ébio Leandro
65944,Edjailma Tsuyoshi
24516,Edson Vilhena
33258,Eliane Beznos
39104,Elio Silveira
71231,Emanuella Marinho
79326,Emmanuel Marcolini
19641,Erik Menaged
57313,Ester Bachini
79167,Evelyn Rosario
22254,Felipe Grunhauser
79709,Filipe Marsicano
23020,Flávia Zaban
92418,Francisco Muniz
13575,Gianluca Camilla
36073,Giulia Gualberto
23815,Glaucia Pelegrino
32346,Glenda Touriño
97048,Gleydson Cravo
59877,Guilherme Kale
27668,Helen Bello
46917,Henrique Rohr
99980,Hugo Wien
92059,Isabela Mothé
61926,Isadora Aiex
62803,Iuri Azevedo
27237,Ivan Villamil
80794,Izabel Brust
51858,Izadora Sara
48920,Jaqueline Passarelli
37343,Jeronimo Camara
80155,Joana Salek
56142,Joel Bispo
67399,Jônatas Helt
53619,Jonnathan Maués
71428,Jose Alvarenga
15341,Josefe Fasano
84594,Juan Loureiro
98377,Julia Cappelli
97764,Juliane Morais
43440,Julianna Mancebo
99066,Lais Leta
33588,Laura Biccas
54865,Lenon Harumi
91810,León Allister
65729,Leonardo Clímaco
97169,Lívia Ronck
25281,Lohany Balassiano
49570,Luca Vittoria
45316,Lucca Rottas
10048,Maike Vinícius
81551,Marcela Asenjo
94278,Marcella Villa
26166,Marcus Pires
65498,Maria Resnik
33892,Mariana Vazquez
62110,Mariane Barbutti
90959,Marianna Prado
88903,Marta Placido
71440,Maryanna Monnerat
87228,Maurício Kranz
84485,Mauricio Ladogano
93058,Michele Blanc
32153,Michelle Natalucci
75951,Milena Hamad
69761,Mylena Tonon
61399,Naiara Fejo
15395,Natalia Gramacho
12466,Natália Milagre
88938,Nattalya Magalhaes
49129,Nélio Iglesias
42941,Nina Lacoste
79370,Nivea Capitulo
62261,Norman Tâmara
40125,Paulo Matsuoka
18711,Philipe Kuszer
98084,Priscilla D'Alessandro
53088,Raissa Donati
15714,Raul Póvoa
14868,Ravena Fuchs
51358,Rayane Jakobsson
29476,Renan El
69932,Roberta Orlando
52085,Roberto Hashimoto
62448,Rogério Ferrari
83136,Rojane Piccinini
34710,Román Leonardo
24784,Rubens Limeira
63372,Rubyson Nogueira
74733,Sarah Leticia
27604,Sofia Li
17911,Soraia Palha
97624,Stella Penalva
50425,Sthefeson Fuentes
44126,Sylvio Couto
50446,Taila Carelli
61167,Tainara Cisneiros
68323,Teresa Lisboa
66519,Thadeu Bomfim
42232,Thainá Calassara
69158,Thais Goncalves
95077,Thalita Trinta
90905,Thamiris Cerqueira
44968,Thayná Candreva
94876,Thayssa Smolarek
92246,Thomas Vasconcelos
85133,Thomáz Kopschitz
25213,Thomaz Willkomm
51625,Tiago Vitória
99252,Venan Bittencourt
30378,Victor Medina
77152,Vinícius Lucio
78002,Vivianne Terra
34737,Walace Rotsztejn
50545,Wellington Provenzano
25479,Willian Spata
31855,Yan Zaltman
71009,Yasmim Paciencia
14897,Yasmini Friaes
54298,Yohana Victoria
68488,Yuri Barbalho
16819,Yuske Gusmão
60954,Adrian Limoeiro
16172,Adriana Karla
54257,Adrizia Boy
72236,Alecssander Pedroso
36682,Alessandra Barboza
96600,Alon Zamith
17523,Amanda Zahar
25602,Anderson Amarante
43279,Angelo Zanoni
93085,Ariel Campelo
35156,Arthur Ottaiano
56624,Artur Borowicz
52418,Bernard Galdino
44719,Bibiana Mosqueira
24255,Breno Matheus
31565,Carla Vítor
84749,Cecília Corrêa
77706,Christian Mariano
25545,Christiana Madrid
96177,Ciro Helena
79648,Clarissa Cotta
24650,Danilo Cinelli
87069,Dayane Elzi
89529,Denilton Brasil
79731,Dilson Macedo
90552,Eduardo Iago
14179,Elida Huon
57217,Elisa Rita
37496,Emilaine Alencar
56475,Érica César
74604,Érico Goes
35564,Eugênio Berni
95606,Fábio Santo
92614,Fernanda Ornelas
95426,Filippo Vanzo
59374,Fillipe Cruz
26765,Gabrielle Basso
46097,Giovana Letieri
32155,Giovani Raggi
34556,Giovanna Cardozo
93971,Giovanni Moutinho
15288,Giselia Martelo
48774,Gizella Simões
13524,Graziela Pinho
56936,Gustavo Salerno
81572,Haroldo Abreu
61644,Helga Uramm
15640,Helton Schincariol
95954,Hércules Bacelar
51635,Hiaiune Pozzan
99422,Hygor Litza
67170,Iasmim Adriano
50125,Isabelly Pimenta
78137,Ivana Chvaicer
25814,Izabella Badia
15261,Jamile Nacif
12940,Jean Whitaker
74311,Jefferson Pimentel
61868,Jéssica Benício
28220,João Calmon
74522,Joao Tako
88516,Jonas Balbino
69807,Joyce Barcellos
50054,Julio Santiago
96487,Julyanna Yasmin
48046,Kallena Chousa
30899,Karoliny Gaspar
90658,Karollayne Mercês
62360,Katherine Bernhardt
97639,Kelly Rosales
95798,Kim Rigueira
54290,Krissia Lavagnole
13729,Lara Silveirinha
86989,Lázaro Guilhon
46906,Leon E
78075,Lidiane Veríssimo
89948,Lígia Bloise
33346,Lorenzo Scalercio
38848,Ludmila Venâncio
79115,Luis Cajado
67053,Lunna Roças
89799,Maíra Botelho
54937,Manuela Soraia
23540,Marcelly Weyll
69813,Marcio Miguel
27194,Marcos Faustino
24628,Marina Bokehi
73293,Mauro Avvad
89333,Mayná Gabriella
77821,Melissa Theus
59394,Monique Vilaça
66784,Morgana Gitirana
67478,Nathalie Cristian
81962,Nicholas Valiate
52198,Pablo Scaldini
27700,Paloma Stutz
28525,Patrícia Loures
44195,Pedro Cister
38799,Rafael Patrocinio
12171,Rafaela Guimaraes
47935,Rafaella Osório
34957,Raffael Lopez
37489,Raiam Faria
28279,Raiane Vaz
47889,Raianne Victor
34261,Raísa Magalhães
17541,Raiza Russo
83452,Reinaldo Papa
39328,Rene Thury
98728,Ricardo Scandiuzzi
85660,Roger Abrantes
54691,Ruan Melhoranse
60651,Sabrina Abraão
30100,Samara Laurentino
84004,Sandro Espinati
23745,Sergio Filgueiras
13908,Stefan Blanco
33276,Stephanie Velucci
72989,Suely Halinck
14387,Sylvia Yosef
80382,Tainá Baruki
44572,Taís Rayol
77012,Taiza Penna
11751,Tatiana Brotas
68778,Tayna Tribuzy
66379,Thaina Blumgrund
71466,Thárcila Raul
74327,Ulisses Lins
90876,Valentina Orenstein
42697,Valmir Gerhad
34992,Vanessa Riveiro
47661,Verônica Catarino
71489,Vicente Giuntini
41115,Vinicius Sartorio
21757,Vitoria Afonso
25069,Walmyr Temporal
51836,Wendel Naveiro
50728,William Meireles
94768,Yasser Altoé
64736,Ylana Iane
28006,Yohanan Milani
42206,Yve Thome
52682,Adrian Limoeiro
34466,Adriana Karla
49138,Adrizia Boy
25780,Alecssander Pedroso
79407,Alessandra Barboza
75044,Alon Zamith
23093,Amanda Zahar
15260,Anderson Amarante
77904,Angelo Zanoni
40681,Ariel Campelo
80974,Arthur Ottaiano
71350,Artur Borowicz
27023,Bernard Galdino
40322,Bibiana Mosqueira
45656,Breno Matheus
55537,Carla Vítor
22960,Cecília Corrêa
96764,Christian Mariano
73652,Christiana Madrid
76588,Ciro Helena
54965,Clarissa Cotta
81437,Danilo Cinelli
34087,Dayane Elzi
95318,Denilton Brasil
78324,Dilson Macedo
41499,Eduardo Iago
23360,Elida Huon
39681,Elisa Rita
46289,Emilaine Alencar
42436,Érica César
49128,Érico Goes
81502,Eugênio Berni
36649,Fernanda Ornelas
43769,Filippo Vanzo
92659,Fillipe Cruz
18172,Gabrielle Basso
27936,Geani Rubinstein
57649,Gerald Bitencourt
54325,Giovanna Cardozo
47505,Giovanni Moutinho
34859,Graziela Pinho
80143,Gustavo Salerno
63016,Haroldo Abreu
21604,Helga Uramm
62532,Helton Schincariol
12824,Hércules Bacelar
66589,Hiaiune Pozzan
46091,Hygor Litza
94256,Isabelly Pimenta
27928,Ivana Chvaicer
87154,Izabella Badia
94306,Izabelle Lacombe
28218,Jamile Nacif
43775,Jean Whitaker
21902,Jefferson Pimentel
22218,Jéssica Benício
14304,José Zenobio
98411,Joyce Barcellos
27511,Julio Santiago
48696,Julyanna Yasmin
43427,Kallena Chousa
98520,Karoliny Gaspar
73725,Karollayne Mercês
87501,Katherine Bernhardt
28252,Kelly Rosales
97505,Kim Rigueira
89597,Krissia Lavagnole
41938,Lara Silveirinha
66021,Lázaro Guilhon
31373,Leon E
84131,Lidiane Veríssimo
60407,Lígia Bloise
41269,Lorenzo Scalercio
73539,Ludmila Venâncio
81538,Luis Cajado
61319,Lunna Roças
98708,Maíra Botelho
99990,Manuela Soraia
60205,Marcelly Weyll
38767,Marcio Miguel
64238,Marina Bokehi
74416,Mauro Avvad
53594,Mayná Gabriella
96177,Melissa Theus
25144,Monique Vilaça
48814,Morgana Gitirana
70758,Nathalie Cristian
13722,Nathalya Abramovitz
68896,Nicholas Valiate
88861,Pablo Scaldini
53951,Paloma Stutz
96756,Patrícia Loures
13635,Pedro Cister
24931,Pietro Varella
90881,Rafael Patrocinio
66688,Rafaela Guimaraes
32458,Rafaella Osório
98983,Raffael Lopez
89555,Raiam Faria
12818,Raiane Vaz
17864,Raianne Victor
24783,Raísa Magalhães
64393,Raiza Russo
13460,Reinaldo Papa
62418,Rene Thury
13895,Ricardo Scandiuzzi
53297,Rilson Goldoni
47381,Roger Abrantes
76544,Ruan Melhoranse
82735,Sabrina Abraão
46708,Samara Laurentino
82039,Sandro Espinati
64663,Stefan Blanco
86591,Stephanie Velucci
31330,Suelen Rianelli
23414,Suely Halinck
76416,Sylvia Yosef
14959,Tainá Baruki
43171,Taís Rayol
93297,Taiza Penna
60583,Tatiana Brotas
98834,Tayna Tribuzy
76807,Thaina Blumgrund
23869,Thárcila Raul
95511,Thayane Lucca
74622,Ulisses Lins
80395,Valentina Orenstein
36073,Valmir Gerhad
31333,Vanessa Riveiro
31265,Verônica Catarino
88826,Vicente Giuntini
77873,Vinicius Sartorio
36080,Vitoria Afonso
26847,Vivian Indio
80643,Walmyr Temporal
90807,William Meireles
79914,Yasser Altoé
98459,Ylana Iane
97879,Yohanan Milani
18448,Yve Thome
69115,Adrian Limoeiro
24430,Adriana Karla
31785,Adrizia Boy
68312,Alessandra Barboza
14237,Alon Zamith
31167,Amanda Zahar
21589,Anderson Amarante
29609,Angelo Zanoni
14870,Ariel Campelo
27781,Artur Borowicz
67887,Bernard Galdino
52777,Breno Matheus
86832,Carla Vítor
30458,Cecília Corrêa
47025,Christian Mariano
83186,Christiana Madrid
36300,Ciro Helena
25076,Danilo Cinelli
97951,Dayane Elzi
10626,Denilton Brasil
59364,Dilson Macedo
80994,Eduardo Iago
28378,Elida Huon
88225,Elisa Rita
94824,Emilaine Alencar
91088,Érica César
82853,Érico Goes
19301,Eugênio Berni
82630,Fábio Santo
93165,Filippo Vanzo
91304,Fillipe Cruz
78320,Gabrielle Basso
50340,Geani Rubinstein
65676,Gerald Bitencourt
13030,Giovana Letieri
92603,Giovani Raggi
65186,Giovanna Cardozo
36302,Giovanni Moutinho
67700,Giselia Martelo
54730,Gizella Simões
59892,Graziela Pinho
95416,Gustavo Salerno
11927,Haroldo Abreu
41671,Helga Uramm
76288,Helton Schincariol
57712,Hércules Bacelar
87225,Hiaiune Pozzan
25622,Hygor Litza
51909,Iasmim Adriano
64333,Isabelly Pimenta
22778,Ivana Chvaicer
13208,Izabella Badia
31285,Izabelle Lacombe
64738,Jean Whitaker
84333,Jefferson Pimentel
84307,Jéssica Benício
45432,João Calmon
12231,Joao Tako
88727,Jonas Balbino
29057,José Zenobio
80155,Julio Santiago
69594,Julyanna Yasmin
52129,Kallena Chousa
31807,Karoliny Gaspar
46242,Karollayne Mercês
61583,Katherine Bernhardt
98854,Kelly Rosales
23727,Kim Rigueira
82328,Lara Silveirinha
99184,Lázaro Guilhon
16819,Leon E
51610,Lidiane Veríssimo
74301,Lígia Bloise
16467,Lorenzo Scalercio
55125,Luis Cajado
98969,Lunna Roças
83471,Maíra Botelho
24645,Manuela Soraia
79051,Marcelly Weyll
96974,Marcio Miguel
89415,Marcos Faustino
79514,Marina Bokehi
47824,Mauro Avvad
17005,Mayná Gabriella
42393,Melissa Theus
47825,Monique Vilaça
80939,Morgana Gitirana
83605,Natali Giannini
54552,Nathalie Cristian
15356,Nathalya Abramovitz
49490,Nicholas Valiate
36515,Pablo Scaldini
48742,Paloma Stutz
84438,Patrícia Loures
10051,Pedro Cister
33097,Pietro Varella
38706,Rafael Patrocinio
51541,Rafaela Guimaraes
19905,Rafaella Osório
87972,Raffael Lopez
44647,Raiane Vaz
86117,Raianne Victor
24158,Raísa Magalhães
54948,Raiza Russo
13733,Reinaldo Papa
80404,Rene Thury
27169,Ricardo Scandiuzzi
67446,Rilson Goldoni
65975,Roger Abrantes
36086,Ruan Melhoranse
83029,Sabrina Abraão
77540,Samara Laurentino
12076,Sandro Espinati
47849,Sergio Filgueiras
22417,Stefan Blanco
90455,Stephanie Velucci
61375,Suelen Rianelli
85683,Suely Halinck
96055,Sylvia Yosef
70902,Tainá Baruki
74782,Taís Rayol
27547,Taiza Penna
98181,Tatiana Brotas
19989,Tayna Tribuzy
79752,Thaina Blumgrund
61466,Thárcila Raul
77011,Thayane Lucca
86627,Ulisses Lins
71739,Valentina Orenstein
31499,Valmir Gerhad
12981,Vanessa Riveiro
35285,Verônica Catarino
19362,Vicente Giuntini
25112,Vinicius Sartorio
89718,Vitoria Afonso
92795,Vivian Indio
38530,Walmyr Temporal
80462,Wendel Naveiro
27147,William Meireles
70472,Yasser Altoé
44166,Ylana Iane
80855,Yohanan Milani
60917,Yve Thome
54239,Adrian Limoeiro
76840,Adriana Karla
90199,Adrizia Boy
77430,Alecssander Pedroso
24684,Alessandra Barboza
95627,Alon Zamith
77677,Amanda Zahar
99128,Anderson Amarante
11019,Angelo Zanoni
57802,Ariel Campelo
52044,Arthur Ottaiano
10442,Artur Borowicz
57733,Bernard Galdino
10603,Bibiana Mosqueira
55980,Breno Matheus
90798,Carla Vítor
20454,Cecília Corrêa
20231,Christian Mariano
18739,Christiana Madrid
17450,Ciro Helena
37953,Clarissa Cotta
68504,Danilo Cinelli
60970,Dayane Elzi
67511,Denilton Brasil
30557,Dilson Macedo
18121,Eduardo Iago
59046,Elida Huon
75578,Elisa Rita
21320,Emilaine Alencar
13377,Érica César
37479,Érico Goes
70560,Eugênio Berni
45229,Fábio Santo
84353,Filippo Vanzo
97086,Fillipe Cruz
12951,Gabrielle Basso
63435,Gerald Bitencourt
19080,Giovana Letieri
93445,Giovani Raggi
61670,Giovanna Cardozo
64064,Giovanni Moutinho
10010,Giselia Martelo
24890,Gizella Simões
37810,Graziela Pinho
28487,Gustavo Salerno
68217,Haroldo Abreu
91784,Helga Uramm
91153,Helton Schincariol
22117,Hércules Bacelar
11214,Hiaiune Pozzan
49151,Hygor Litza
64160,Iasmim Adriano
81783,Isabelly Pimenta
87983,Ivana Chvaicer
72877,Izabella Badia
57293,Izabelle Lacombe
67480,Jamile Nacif
47904,Jean Whitaker
85629,Jefferson Pimentel
58966,Jéssica Benício
54966,João Calmon
58605,Joao Tako
62405,Jonas Balbino
33244,Joyce Barcellos
97027,Julio Santiago
81472,Julyanna Yasmin
97212,Karoliny Gaspar
58446,Karollayne Mercês
35501,Katherine Bernhardt
52520,Kelly Rosales
91739,Kim Rigueira
90236,Krissia Lavagnole
13176,Lara Silveirinha
70655,Lázaro Guilhon
54086,Leon E
53510,Lidiane Veríssimo
54542,Lígia Bloise
94968,Lorenzo Scalercio
20644,Ludmila Venâncio
98368,Luis Cajado
27016,Lunna Roças
57621,Maíra Botelho
17009,Manuela Soraia
56862,Marcelly Weyll
99786,Marcio Miguel
29165,Marcos Faustino
34487,Marina Bokehi
98789,Mauro Avvad
85653,Mayná Gabriella
88640,Melissa Theus
57151,Monique Vilaça
56828,Morgana Gitirana
82403,Natali Giannini
41713,Nathalie Cristian
10709,Nathalya Abramovitz
63548,Nicholas Valiate
44129,Pablo Scaldini
96273,Paloma Stutz
18492,Patrícia Loures
35427,Pedro Cister
39655,Pietro Varella
96408,Rafaela Guimaraes
21762,Rafaella Osório
41907,Raffael Lopez
64765,Raiam Faria
72476,Raiane Vaz
51238,Raianne Victor
70742,Raísa Magalhães
67293,Raiza Russo
57128,Reinaldo Papa
34251,Rene Thury
94398,Ricardo Scandiuzzi
29272,Rilson Goldoni
74548,Roger Abrantes
77246,Ruan Melhoranse
26120,Sabrina Abraão
38357,Samara Laurentino
52941,Sandro Espinati
36508,Sergio Filgueiras
68427,Stefan Blanco
11495,Stephanie Velucci
78329,Suelen Rianelli
60920,Suely Halinck
61245,Sylvia Yosef
87444,Tainá Baruki
31120,Taís Rayol
49313,Taiza Penna
11698,Tatiana Brotas
11127,Tayna Tribuzy
75561,Thaina Blumgrund
11572,Thárcila Raul
72615,Thayane Lucca
72083,Ulisses Lins
76208,Valentina Orenstein
37003,Valmir Gerhad
62261,Vanessa Riveiro
51259,Verônica Catarino
24832,Vicente Giuntini
15708,Vinicius Sartorio
63475,Vitoria Afonso
25298,Vivian Indio
35815,Walmyr Temporal
28687,Wendel Naveiro
26455,William Meireles
55103,Yasser Altoé
98012,Ylana Iane
80231,Yohanan Milani
45731,Yve Thome
35957,Adrian Limoeiro
76300,Adriana Karla
61797,Adrizia Boy
48560,Alecssander Pedroso
19754,Alessandra Barboza
66598,Alon Zamith
40015,Amanda Zahar
78899,Anderson Amarante
86026,Angelo Zanoni
34004,Ariel Campelo
32697,Arthur Ottaiano
18422,Artur Borowicz
37330,Bernard Galdino
24879,Bibiana Mosqueira
75859,Breno Matheus
83612,Carla Vítor
36317,Cecília Corrêa
40204,Christian Mariano
11579,Christiana Madrid
65859,Clarissa Cotta
96347,Danilo Cinelli
79339,Dayane Elzi
71265,Denilton Brasil
79738,Dilson Macedo
64829,Eduardo Iago
60442,Elida Huon
71383,Elisa Rita
13118,Emilaine Alencar
68688,Érica César
76210,Eugênio Berni
19040,Fábio Santo
81638,Fernanda Ornelas
84294,Filippo Vanzo
61402,Fillipe Cruz
52942,Gabrielle Basso
89199,Geani Rubinstein
39998,Gerald Bitencourt
11586,Giovana Letieri
21183,Giovani Raggi
75611,Giovanna Cardozo
18025,Giovanni Moutinho
20997,Giselia Martelo
71110,Gizella Simões
12302,Graziela Pinho
83880,Gustavo Salerno
81019,Haroldo Abreu
68046,Helga Uramm
77058,Helton Schincariol
45664,Hércules Bacelar
99824,Hiaiune Pozzan
69072,Hygor Litza
49220,Iasmim Adriano
42725,Isabelly Pimenta
68007,Ivana Chvaicer
75235,Izabella Badia
17409,Izabelle Lacombe
42936,Jamile Nacif
54659,Jean Whitaker
80584,Jefferson Pimentel
32937,Jéssica Benício
80539,João Calmon
43282,Joao Tako
49238,Jonas Balbino
43350,José Zenobio
72006,Joyce Barcellos
57150,Julio Santiago
92350,Julyanna Yasmin
82239,Kallena Chousa
95610,Karoliny Gaspar
49329,Karollayne Mercês
95242,Katherine Bernhardt
33390,Kelly Rosales
21553,Kim Rigueira
63384,Krissia Lavagnole
41285,Lara Silveirinha
39626,Lázaro Guilhon
63377,Leon E
67032,Lidiane Veríssimo
93136,Lígia Bloise
39306,Lorenzo Scalercio
28138,Ludmila Venâncio
32465,Luis Cajado
53864,Lunna Roças
66299,Maíra Botelho
72339,Manuela Soraia
53867,Marcelly Weyll
60153,Marcos Faustino
52508,Marina Bokehi
92998,Mauro Avvad
74806,Mayná Gabriella
67313,Melissa Theus
85529,Monique Vilaça
98372,Morgana Gitirana
45565,Natali Giannini
81148,Nathalie Cristian
37853,Nathalya Abramovitz
30844,Nicholas Valiate
83263,Pablo Scaldini
64839,Paloma Stutz
18191,Patrícia Loures
35285,Pedro Cister
65644,Pietro Varella
59980,Rafael Patrocinio
29965,Rafaela Guimaraes
99771,Raiam Faria
42795,Raiane Vaz
19650,Raianne Victor
76747,Raísa Magalhães
71993,Raiza Russo
59736,Reinaldo Papa
17968,Rene Thury
19583,Ricardo Scandiuzzi
73893,Rilson Goldoni
76810,Roger Abrantes
14978,Ruan Melhoranse
46466,Sabrina Abraão
89128,Samara Laurentino
94118,Sandro Espinati
67909,Sergio Filgueiras
99987,Stefan Blanco
32785,Stephanie Velucci
30859,Suelen Rianelli
39834,Suely Halinck
15191,Sylvia Yosef
10469,Tainá Baruki
90361,Taís Rayol
24631,Taiza Penna
16030,Tatiana Brotas
44348,Tayna Tribuzy
36846,Thaina Blumgrund
62722,Thárcila Raul
85407,Thayane Lucca
97018,Valentina Orenstein
10513,Valmir Gerhad
75555,Vanessa Riveiro
70832,Verônica Catarino
80194,Vicente Giuntini
13410,Vinicius Sartorio
18045,Vivian Indio
44929,Walmyr Temporal
14092,Wendel Naveiro
79726,William Meireles
87242,Yasser Altoé
57656,Ylana Iane
85155,Yohanan Milani
40653,Yve Thome
82416,Adriana Karla
84987,Adrizia Boy
24270,Alecssander Pedroso
25749,Alessandra Barboza
96404,Alon Zamith
17020,Amanda Zahar
55008,Anderson Amarante
59873,Angelo Zanoni
20612,Ariel Campelo
76998,Arthur Ottaiano
31557,Artur Borowicz
27189,Bernard Galdino
56358,Bibiana Mosqueira
71575,Breno Matheus
89034,Carla Vítor
71464,Cecília Corrêa
93396,Christian Mariano
71807,Christiana Madrid
54605,Ciro Helena
54970,Clarissa Cotta
82397,Danilo Cinelli
33793,Dayane Elzi
46496,Denilton Brasil
46651,Dilson Macedo
11928,Eduardo Iago
27707,Elida Huon
59351,Elisa Rita
73888,Emilaine Alencar
32045,Érica César
44000,Érico Goes
78649,Eugênio Berni
51225,Fábio Santo
95992,Fernanda Ornelas
35998,Filippo Vanzo
73925,Fillipe Cruz
83683,Gabrielle Basso
68696,Geani Rubinstein
98798,Gerald Bitencourt
90380,Giovana Letieri
21936,Giovani Raggi
85779,Giovanna Cardozo
85406,Giovanni Moutinho
91169,Giselia Martelo
81549,Gizella Simões
99589,Graziela Pinho
42412,Gustavo Salerno
78074,Haroldo Abreu
98714,Helga Uramm
79432,Helton Schincariol
49114,Hércules Bacelar
96631,Hiaiune Pozzan
50485,Hygor Litza
51605,Iasmim Adriano
85998,Isabelly Pimenta
72818,Ivana Chvaicer
98380,Izabella Badia
81093,Izabelle Lacombe
60737,Jamile Nacif
42378,Jean Whitaker
10401,Jefferson Pimentel
90877,Jéssica Benício
52463,João Calmon
60540,Joao Tako
68008,Jonas Balbino
66677,José Zenobio
27988,Joyce Barcellos
59479,Julio Santiago
11407,Julyanna Yasmin
94655,Kallena Chousa
66815,Karoliny Gaspar
93174,Karollayne Mercês
98610,Katherine Bernhardt
67096,Kelly Rosales
25359,Kim Rigueira
54516,Krissia Lavagnole
61181,Lara Silveirinha
46443,Lázaro Guilhon
34604,Leon E
17478,Lidiane Veríssimo
32299,Lígia Bloise
61159,Lorenzo Scalercio
89577,Ludmila Venâncio
17970,Luis Cajado
90846,Lunna Roças
77854,Maíra Botelho
43485,Manuela Soraia
70577,Marcelly Weyll
78598,Marcio Miguel
32884,Marcos Faustino
34150,Marina Bokehi
54831,Mauro Avvad
86254,Mayná Gabriella
73173,Melissa Theus
65433,Monique Vilaça
13853,Morgana Gitirana
48065,Natali Giannini
30433,Nathalie Cristian
11773,Nathalya Abramovitz
70289,Nicholas Valiate
84109,Pablo Scaldini
35106,Paloma Stutz
59661,Patrícia Loures
79275,Pedro Cister
63883,Pietro Varella
86414,Rafael Patrocinio
55890,Rafaela Guimaraes
55857,Rafaella Osório
24824,Raffael Lopez
92680,Raiam Faria
68778,Raiane Vaz
94775,Raianne Victor
54595,Raísa Magalhães
61754,Raiza Russo
95201,Reinaldo Papa
53774,Rene Thury
16548,Ricardo Scandiuzzi
44787,Rilson Goldoni
13221,Roger Abrantes
17767,Ruan Melhoranse
33641,Sabrina Abraão
37902,Sandro Espinati
67408,Sergio Filgueiras
70037,Stefan Blanco
57253,Stephanie Velucci
65335,Suelen Rianelli
81502,Suely Halinck
88414,Sylvia Yosef
43858,Tainá Baruki
14551,Taís Rayol
50980,Taiza Penna
48928,Tatiana Brotas
84311,Tayna Tribuzy
78488,Thárcila Raul
26316,Thayane Lucca
96739,Ulisses Lins
17613,Valentina Orenstein
32639,Valmir Gerhad
86225,Vanessa Riveiro
44369,Verônica Catarino
73476,Vicente Giuntini
14972,Vinicius Sartorio
19035,Vitoria Afonso
70193,Vivian Indio
95730,Walmyr Temporal
64831,Wendel Naveiro
99476,William Meireles
25970,Yasser Altoé
21676,Ylana Iane
32923,Yohanan Milani
67642,Yve Thome